CREATE TABLE PERSISTENT_LOGINS (
    series VARCHAR(64) PRIMARY KEY,
    username VARCHAR(64) NOT NULL,
    token VARCHAR(64) NOT NULL,
    last_used TIMESTAMP NOT NULL
);

-- MERGE INTO users (
--     id,
--     name,
--     phone,
--     account,
--     password,
--     role,
--     register,
--     create_time,
--     update_time
-- )
-- VALUES
--     (
--         1,
--         'admin',
--         '123456789',
--         'admin@testgmail.com',
--         'password',
--         'admin',
--         0,
--         CURRENT_TIMESTAMP,
--         CURRENT_TIMESTAMP
--     ),
--     (
--         2,
--         'user',
--         '123456789',
--         'user@testgmail.com',
--         'password',
--         'user',
--         0,
--         CURRENT_TIMESTAMP,
--         CURRENT_TIMESTAMP
--     );
MERGE INTO users (
    id,
    name,
    phone,
    account,
    password,
    role,
    address_delivery,
    register,
    create_time,
    update_time
)
VALUES
    (
        1,
        'admin',
        '123456789',
        'admin@testgmail.com',
        'password',
        'admin',
        null,
        0,
        CURRENT_TIMESTAMP,
        CURRENT_TIMESTAMP
    ),
    (
        2,
        'user',
        '123456789',
        'user@testgmail.com',
        'password',
        'user',
        null,
        0,
        CURRENT_TIMESTAMP,
        CURRENT_TIMESTAMP
    );

INSERT INTO
    addr (
        id,
        create_time,
        update_time,
        detail,
        address_data_id,
        lat,
        lng,
        user_id
    )
VALUES
    (
        10,
        '2023-10-29 03:27:23.000000',
        '2024-01-29 11:41:02.252478',
        '777---',
        4548,
        24.783683,
        121.6990149,
        1
    ),
    (
        11,
        '2023-10-29 03:28:14.000000',
        '2024-02-06 11:35:37.566287',
        '5555號',
        19639,
        24.0593315,
        120.4864467,
        1
    ),
    (
        12,
        '2023-10-30 05:49:44.950625',
        '2024-02-06 11:39:33.387367',
        '東勢街101號',
        24480,
        23.4775897,
        120.4722109,
        1
    ),
    (
        13,
        '2023-10-30 05:56:51.099439',
        '2024-02-06 11:47:09.347071',
        '102巷1270號30樓之19',
        28676,
        22.9966625,
        120.2153329,
        1
    ),
    (
        14,
        '2024-01-19 07:14:42.406223',
        '2024-01-19 07:14:42.406262',
        '123',
        107,
        25.0567519,
        121.5171557,
        1
    ),
    (
        16,
        '2024-01-19 07:26:30.741591',
        '2024-01-19 07:26:30.741625',
        '123',
        1343,
        25.0155723,
        121.4794016,
        1
    ),
    (
        22,
        '2024-01-19 10:02:27.800542',
        '2024-01-19 10:02:27.800555',
        '123',
        1009,
        25.1377761,
        121.7512333,
        1
    ),
    (
        23,
        '2024-01-19 10:02:44.506519',
        '2024-01-31 18:08:23.021680',
        '11111號',
        163,
        25.0467254,
        121.5405194,
        1
    ),
    (
        37,
        '2024-01-29 10:45:20.544024',
        '2024-02-01 11:35:56.517662',
        '123號',
        1009,
        25.1377761,
        121.7512333,
        2
    ),
    (
        38,
        '2024-01-29 10:45:27.868332',
        '2024-02-01 11:36:13.733105',
        '123巷5號',
        1009,
        25.1377761,
        121.7512333,
        2
    ),
    (
        39,
        '2024-01-29 10:45:45.232614',
        '2024-02-01 11:36:42.203260',
        '777巷22號5樓之8',
        4548,
        24.783683,
        121.6990149,
        2
    ),
    (
        40,
        '2024-01-30 11:10:19.670257',
        '2024-02-01 11:36:49.932868',
        '123號',
        28906,
        22.9779755,
        120.2136988,
        2
    ),
    (
        47,
        '2024-05-20 13:56:43.560686',
        '2024-05-20 13:56:43.560694',
        '123',
        108,
        25.0524381,
        121.5122456,
        1
    ),
    (
        48,
        '2024-05-20 13:57:16.639301',
        '2024-05-20 13:57:16.639305',
        '111111111111',
        108,
        25.0627243,
        121.5113064,
        1
    );

-- INSERT INTO
--     file_data (
--         id,
--         content_type,
--         file_name,
--         original_file_name,
--         suffix
--     )
-- VALUES
--     (
--         47,
--         'type',
--         'file47',
--         'original_file47',
--         'suffix'
--     ),
--     (2, 'type', 'file2', 'original_file2', 'suffix'),
--     (
--         15,
--         'type',
--         'file15',
--         'original_file15',
--         'suffix'
--     ),
--     (9, 'type', 'file9', 'original_file9', 'suffix'),
--     (3, 'type', 'file3', 'original_file3', 'suffix'),
--     (
--         14,
--         'type',
--         'file14',
--         'original_file14',
--         'suffix'
--     ),
--     (
--         16,
--         'type',
--         'file16',
--         'original_file16',
--         'suffix'
--     ),
--     (
--         57,
--         'type',
--         'file57',
--         'original_file57',
--         'suffix'
--     ),
--     (
--         56,
--         'type',
--         'file56',
--         'original_file56',
--         'suffix'
--     );

INSERT INTO `file_data` (id, content_type, file_name, original_file_name, suffix) VALUES
(1, 'image/jpeg', '1691994708919221.jpg', 'images.jpeg', '.jpg'),
(2, 'image/png', '1691994708919221.jpg', 'pngtree-halloween-ghost-jack-olantern-png-image_6127297.png', '.jpg'),
(3, 'image/png', '1691922420438552.jpg', 'pngtree-halloween-ghost-jack-olantern-png-image_6127298.png', '.jpg'),
(4, 'image/jpeg', '16927208415324378.jpg', '150元便當.jpg', '.jpg'),
(5, 'image/jpeg', '16927208506911241.jpg', '豬腳麵線.jpg', '.jpg'),
(6, 'image/jpeg', '16927208600983447.jpg', '香烤圓鱈+柳葉魚.jpg', '.jpg'),
(7, 'image/png', '16927208415324378.jpg', 'pngtree-halloween-ghost-jack-olantern-png-image_6127298.png', '.jpg'),
(8, 'image/jpeg', '16931471371861382.jpg', '9999999.jpg', '.jpg'),
(9, 'image/jpeg', '16931471959794482.jpg', '20230627233234.jpg', '.jpg'),
(10, 'image/jpeg', '16931472134942111.jpg', '豬腳麵線.jpg', '.jpg'),
(11, 'image/jpeg', '16931472267843470.jpg', '200元便當.jpg', '.jpg'),
(12, 'image/jpeg', '16931473729955148.jpg', '7862809.jpg', '.jpg'),
(13, 'image/jpeg', '16931496809474747.JPG', '1542296 (1).JPG', '.JPG'),
(14, 'image/jpeg', '16931510622787524.JPG', '1542296.JPG', '.JPG'),
(15, 'image/jpeg', '16932027106902359.jpg', '7862841.jpg', '.jpg'),
(16, 'image/jpeg', '16936368755369222.jpg', '20230627233234.jpg', '.jpg'),
(17, 'image/jpeg', '16937478489864516.JPG', '1542296.JPG', '.JPG'),
(18, 'image/jpeg', '16937490913911053.jpg', '1542304.jpg', '.jpg'),
(19, 'image/jpeg', '16937491499963563.jpg', '1542304.jpg', '.jpg'),
(20, 'image/jpeg', '16937493330698504.jpg', '1542304.jpg', '.jpg'),
(21, 'image/jpeg', '16937496051274089.JPG', '1542296.JPG', '.JPG'),
(22, 'image/jpeg', '16937496725718676.jpg', '1542304.jpg', '.jpg'),
(23, 'image/jpeg', '16937508048951735.JPG', '1542296.JPG', '.JPG'),
(24, 'image/jpeg', '16937530392244768.jpg', '1542304.jpg', '.jpg'),
(25, 'image/jpeg', '16937534051121005.jpg', '7862804.jpg', '.jpg'),
(26, 'image/jpeg', '16937534818651466.jpg', '200元便當.jpg', '.jpg'),
(27, 'image/jpeg', '16937928747765036.jpg', '120元便當.jpg', '.jpg'),
(28, 'image/jpeg', '16939174106862309.JPG', '1542296 (1).JPG', '.JPG'),
(29, 'image/jpeg', '16939174771997428.jpg', '7862841.jpg', '.jpg'),
(30, 'image/jpeg', '16939174834635530.jpg', '7862805.jpg', '.jpg'),
(31, 'image/jpeg', '16961402023922460.jpg', '16922736932692872.jpg', '.jpg'),
(32, 'image/jpeg', '16961402279163407.jpg', '16919947487523906.jpg', '.jpg'),
(33, 'image/jpeg', '1697535442327396.jpg', '16937534051121005.jpg', '.jpg'),
(34, 'image/jpeg', '16975355135036248.jpg', '16937490913911053.jpg', '.jpg'),
(35, 'image/jpeg', '16975357231398642.JPG', '16939174106862309.JPG', '.JPG'),
(36, 'image/jpeg', '16975358280463132.jpg', '16937530392244768.jpg', '.jpg'),
(37, 'image/jpeg', '16975358537908712.JPG', '16939174106862309.JPG', '.JPG'),
(38, 'image/jpeg', '16998996373984526.jpg', 'fotor-ai-20231113212727.jpg', '.jpg'),
(39, 'image/jpeg', '16998996649719305.jpg', 'fotor-ai-20231113212738.jpg', '.jpg'),
(40, 'image/jpeg', '17011707929039408.jpg', 'fotor-ai-2023111423344.jpg', '.jpg'),
(41, 'image/jpeg', '17011709849918422.jpg', 'd3150a76e7f13eb5027dbcbc08e3a30e.jpg', '.jpg'),
(42, 'image/jpeg', '17011709894898376.jpg', '82b7a67994bc19b0c742eb50270382eb.jpg', '.jpg'),
(43, 'image/jpeg', '17011710022555156.jpg', '82b7a67994bc19b0c742eb50270382eb (2).jpg', '.jpg'),
(44, 'image/jpeg', '17011710319562291.jpg', 'food-home.jpg', '.jpg'),
(45, 'image/jpeg', '17011710414371117.jpg', '82b7a67994bc19b0c742eb50270382eb (2).jpg', '.jpg'),
(46, 'image/jpeg', '1701592289330194.jpg', 'food-home.jpg', '.jpg'),
(47, 'image/jpeg', '17015922948981374.jpg', 'fotor-ai-2023111423344.jpg', '.jpg'),
(48, 'image/jpeg', '1701593018418979.jpg', '7862843.jpg', '.jpg'),
(49, 'image/jpeg', '1701610930812453.jpg', '7862805.jpg', '.jpg'),
(50, 'image/jpeg', '1701610936793498.jpg', '7862802.jpg', '.jpg'),
(51, 'image/jpeg', '17016266749194599.jpg', 'fotor-ai-20231113212727.jpg', '.jpg'),
(52, 'image/jpeg', '17022352341575325.jpg', '7862802.jpg', '.jpg'),
(53, 'image/jpeg', '17022352466716077.jpg', 'fotor-ai-2023111423344.jpg', '.jpg'),
(54, 'image/jpeg', '17030872440322021.jpg', '7862808.jpg', '.jpg'),
(55, 'image/jpeg', '1703087267729605.jpg', '7862802.jpg', '.jpg'),
(56, 'image/jpeg', '17056308714787091.jpeg', '780.jpeg', '.jpeg'),
(57, 'image/png', '17068381300029626.png', '780.png', '.png'),
(58, 'image/png', '17112932190367038.png', '780.png', '.png'),
(59, 'image/jpeg', '17112932447839280.jpg', '豬腳麵線.jpg', '.jpg'),
(60, 'image/jpeg', '171129331244410000.jpg', '7862831.jpg', '.jpg'),
(61, 'image/jpeg', '17112935660281598.jpg', '7862833.jpg', '.jpg'),
(62, 'image/jpeg', '17112938526551883.jpeg', 'imagesTest.jpeg', '.jpeg'),
(63, 'image/jpeg', '17201410888876328.jpeg', '780.jpeg', '.jpeg');

INSERT INTO
    shop_address (
        id,
        create_time,
        update_time,
        detail,
        lat,
        lng,
        address_data_id
    )
VALUES
    (
        1,
        '2023-08-21 17:08:22.000000',
        '2024-01-21 22:32:11.801640',
        'detai234',
        0,
        0,
        28801
    ),
    (
        2,
        '2023-08-21 17:08:22.000000',
        '2024-02-02 09:48:45.560845',
        '500巷2號',
        22.9711054,
        120.2285097,
        28801
    ),
    (
        3,
        '2023-08-21 17:08:22.000000',
        '2024-02-01 11:40:54.788691',
        '36巷5號',
        23.0266901,
        120.2541104,
        29657
    ),
    (
        4,
        '2023-08-21 17:08:22.000000',
        '2024-02-01 11:46:07.289978',
        '中山南路123巷9號',
        23.0130006,
        120.2292429,
        29115
    ),
    (
        5,
        '2023-08-21 17:08:22.000000',
        '2024-02-01 12:22:23.024529',
        '123巷111號',
        22.9693643,
        120.2304929,
        28805
    ),
    (
        6,
        '2023-08-27 23:44:23.409781',
        '2024-02-01 12:22:36.184432',
        '123號',
        22.9689151,
        120.2303236,
        28806
    ),
    (
        7,
        '2023-09-02 14:41:17.046353',
        '2023-09-02 14:41:17.046354',
        '中中路500號',
        0,
        0,
        28807
    ),
    (
        22,
        '2024-01-19 10:02:27.800542',
        '2024-02-02 18:25:26.708670',
        '123',
        25.1479172,
        121.7831788,
        1010
    ),
    (
        23,
        '2024-01-19 10:02:44.506519',
        '2024-02-02 09:42:11.535495',
        '123號',
        22.9750719,
        120.2254053,
        28757
    ),
    (
        24,
        '2024-01-19 10:05:22.335114',
        '2024-01-19 10:05:22.335124',
        '123',
        25.0567519,
        121.5171557,
        107
    ),
    (
        25,
        '2024-01-19 10:06:16.366733',
        '2024-01-19 10:06:16.366741',
        '123',
        25.0524473,
        121.5122384,
        108
    ),
    (
        27,
        '2024-01-19 10:08:05.514279',
        '2024-01-19 10:08:05.514300',
        '123',
        25.0567519,
        121.5171557,
        107
    ),
    (
        41,
        '2024-02-01 10:13:56.266198',
        '2024-02-01 10:13:56.266215',
        'detai234',
        22.9856606,
        120.2403543,
        28865
    ),
    (
        42,
        '2024-02-01 10:14:25.557291',
        '2024-02-01 10:14:25.557298',
        '234',
        22.9856606,
        120.2403543,
        28865
    ),
    (
        43,
        '2024-02-01 10:15:17.195355',
        '2024-02-01 10:15:17.195373',
        '2342',
        22.9856606,
        120.2403543,
        28865
    ),
    (
        44,
        '2024-02-01 10:16:20.686958',
        '2024-02-01 10:21:12.060596',
        '999',
        22.9893802,
        120.218628,
        28903
    );

INSERT INTO
    shop (
        id,
        create_time,
        update_time,
        description,
        is_delete,
        is_disable,
        is_orderable,
        name,
        phone,
        file_data,
        user_id,
        shop_address_id,
        delivery_km,
        delivery_price
    )
VALUES
    (
        1,
        '2023-08-21 17:08:22.000000',
        '2024-06-10 11:34:56.751484',
        'description55555555555666',
        0,
        1,
        1,
        'valueA',
        '1234567890',
        47,
        1,
        44,
        10.1,
        300
    ),
    (
        2,
        '2023-08-21 17:08:22.000000',
        '2024-02-02 09:48:45.555869',
        'description商店介紹',
        0,
        1,
        1,
        'valueB',
        '1234561230',
        2,
        1,
        2,
        8,
        0
    ),
    (
        3,
        '2023-08-21 17:08:22.000000',
        '2024-02-02 18:31:24.354599',
        'description',
        0,
        0,
        0,
        'valueC',
        '1234567890',
        15,
        2,
        3,
        10,
        0
    ),
    (
        4,
        '2023-08-21 17:08:22.000000',
        '2024-02-02 18:31:33.354041',
        'description',
        0,
        0,
        1,
        'valueD',
        '1234567891',
        9,
        2,
        4,
        5,
        0
    ),
    (
        5,
        '2023-08-21 17:08:22.000000',
        '2024-02-02 18:31:41.154197',
        'description',
        0,
        0,
        0,
        'newNAME',
        '1234567891',
        3,
        2,
        5,
        10,
        0
    ),
    (
        6,
        '2023-08-27 23:44:23.420175',
        '2024-02-02 18:31:48.874443',
        'AA',
        0,
        0,
        0,
        'AA',
        '0123456789',
        14,
        2,
        6,
        10,
        0
    ),
    (
        7,
        '2023-09-02 14:41:17.050733',
        '2023-10-05 01:04:13.658866',
        'RRR',
        1,
        1,
        1,
        'RRR',
        '0123456789',
        16,
        1,
        7,
        NULL,
        0
    ),
    (
        22,
        '2024-01-19 10:08:05.520255',
        '2024-02-02 18:29:07.430529',
        'NNNN',
        0,
        0,
        0,
        'NN小店',
        '1234567890',
        NULL,
        1,
        22,
        5,
        0
    ),
    (
        23,
        '2024-01-19 10:11:03.238639',
        '2024-02-02 09:42:11.534287',
        'NNNN',
        0,
        1,
        1,
        'NN小店A',
        '1234567890',
        57,
        1,
        23,
        100,
        0
    ),
    (
        24,
        '2024-01-19 10:11:56.000614',
        '2024-02-02 18:29:28.129114',
        'NNNN',
        0,
        0,
        0,
        'NN小店GG',
        '1234567890',
        NULL,
        1,
        24,
        11,
        0
    ),
    (
        25,
        '2024-01-19 10:20:51.119786',
        '2024-02-02 18:26:44.017847',
        'NNNN',
        0,
        0,
        0,
        'NN小店YY',
        '1234567890',
        56,
        1,
        25,
        20,
        0
    ),
    (
        27,
        '2024-01-25 01:05:56.336765',
        '2024-02-02 18:29:37.141195',
        'NNNN',
        0,
        0,
        0,
        'NN小店-東東店',
        '1234567890',
        NULL,
        1,
        27,
        9,
        0
    );

INSERT INTO
    `love`
VALUES
    (1, 1),
    (2, 1),
    (1, 2),
    (2, 2),
    (1, 4),
    (1, 5),
    (1, 6);

INSERT INTO
    `category`
VALUES
    (1, '便當'),
    (2, '火鍋'),
    (3, '炸雞'),
    (4, '手搖飲');

INSERT INTO
    `shop_category`
VALUES
    (1, 1),
    (2, 1),
    (3, 1),
    (3, 2),
    (4, 2),
    (3, 3);

INSERT INTO
    `schedule` (
        `id`,
        `end_time`,
        `start_time`,
        `type`,
        `shop_id`,
        `week`
    )
VALUES
    (2, '17:00:00', '13:00:00', 1, 1, 2),
    (4, '12:00:00', '08:00:00', 1, 1, 4),
    (5, '17:00:00', '13:00:00', 0, 2, 5),
    (6, '22:00:00', '18:00:00', 1, 2, 6),
    (7, '12:00:00', '08:00:00', 0, 3, 0),
    (8, '17:00:00', '13:00:00', 1, 3, 1),
    (9, '22:00:00', '18:00:00', 0, 4, 2),
    (10, '12:00:00', '08:00:00', 1, 5, 3),
    (11, '19:00:00', '16:00:00', 1, 1, 1),
    (12, '19:00:00', '16:00:00', 1, 1, 2),
    (196, '00:00:00', '00:00:00', 0, 1, 0),
    (203, '00:50:00', '00:20:00', 0, 1, 1),
    (204, '06:30:00', '03:20:00', 0, 1, 1),
    (205, '00:50:00', '00:20:00', 0, 1, 2),
    (206, '06:30:00', '03:20:00', 0, 1, 2),
    (207, '00:50:00', '00:20:00', 0, 1, 3),
    (208, '06:30:00', '03:20:00', 0, 1, 3),
    (209, '04:20:00', '00:10:00', 0, 1, 5),
    (210, '15:30:00', '09:10:00', 0, 1, 5),
    (213, '03:40:00', '00:30:00', 0, 2, 1),
    (214, '18:10:00', '10:00:00', 0, 2, 1),
    (215, '00:00:00', '00:00:00', 0, 1, 4);

INSERT INTO `product` (`id`, `create_time`, `update_time`, `description`, `is_delete`, `is_orderable`, `name`, `price`, `file_data`, `shop_id`) VALUES 
(1, NULL, '2023-10-04 21:44:44.139493', '12345', 0, 1, 'value1A---', 100, 4, 1),
(2, NULL, '2023-10-17 16:02:49.783019', '1234566666666555', 0, 0, 'value1BBCC', 200, 32, 1),
(3, NULL, '2023-10-17 16:02:41.045266', '12345', 0, 1, 'value1C', 30, 5, 1),
(4, NULL, '2023-10-04 21:13:24.710195', 'AA', 0, 1, 'value1D', 40, 6, 1),
(5, NULL, '2023-12-20 23:47:50.176436', 'AA', 0, 1, 'value1A', 10, 55, 1),
(6, NULL, '2023-10-04 21:40:37.702206', NULL, 0, 0, 'value1B～～～～～～未上架', 20, NULL, 1),
(7, NULL, NULL, NULL, 0, 1, 'value1C', 30, 11, 1),
(8, NULL, NULL, NULL, 0, 1, 'value1C', 30, NULL, 1),
(9, NULL, '2023-12-11 02:57:22.004627', NULL, 1, 0, 'value1D未上架', 40, NULL, 1),
(10, NULL, '2023-10-04 23:39:35.188325', NULL, 0, 1, 'value1D', 40, NULL, 1),
(11, '2023-09-03 22:20:06.650485', '2023-09-03 22:20:06.650489', 'VVVVVVV', 0, 1, 'VVVVVV', 99999, 23, 2),
(12, '2023-09-03 22:20:20.137518', '2023-10-20 20:31:50.472138', 'VVVVVVV', 0, 0, 'VVVVVV', 99999, 23, 2),
(13, '2023-09-03 23:03:26.411570', '2023-09-03 23:03:26.411576', 'AAAAAAAA', 0, 1, 'AAAAAAA', 10000, 25, 2),
(14, '2023-09-04 10:01:16.172190', '2023-10-19 17:48:11.448367', '333', 0, 1, '33333333333VVVVVVVVVVVVVVVVVVVVVVVVVVVVVV', 333, 27, 2),
(15, '2023-09-05 20:36:52.663287', '2023-09-05 20:36:52.663290', 'FFFF', 0, 1, 'AAA', 123, 28, 3),
(16, '2023-09-05 20:38:04.954245', '2023-09-05 20:38:04.954250', 'UUUUUUU', 0, 1, 'UUUUUUUUUU', 123, 30, 3),
(17, '2023-10-17 17:37:53.094072', '2023-10-17 17:41:29.770036', '將將麵--將將麵將將麵', 0, 1, '將將麵', 100, 33, 1),
(18, '2023-10-17 17:39:06.318358', '2023-10-17 17:39:19.288222', '奶油麵-+奶油麵+奶油麵+奶油麵+', 0, 0, '奶油麵', 500, 34, 1),
(19, '2023-10-17 17:42:09.275717', '2023-10-17 17:42:16.411086', 'AAAAAa', 0, 1, 'AAAAAA', 50, 35, 1),
(20, '2023-10-17 17:43:52.176326', '2023-10-17 17:43:52.176329', 'A', 0, 1, 'AAAAAAAAA', 10, 36, 1),
(21, '2023-10-17 17:44:14.973147', '2023-12-20 23:47:26.221270', 'TTT', 0, 1, 'TTTT', 10, 54, 1),
(22, '2023-11-28 19:26:39.813138', '2023-11-28 19:26:39.813146', 'SSS', 0, 1, 'SSS', 50, 40, 1),
(23, '2023-12-03 16:43:41.338024', '2023-12-03 16:43:41.338027', 'FFFFF', 0, 1, 'FFFFFFF', 500, 48, 2),
(24, '2023-12-04 02:04:36.851512', '2023-12-04 02:04:36.851523', 'TTTTTTT', 0, 1, 'TTTTTTTT', 500, 51, 1);



INSERT INTO `tab` (`id`, `name`, `shop_id`, `is_shelve`) VALUES (3,'value1C',1,1),(5,'value1A',2,1),(6,'value1B',2,1),(7,'3333333',3,1),(8,'value1C',3,1),(9,'value1D',4,1),(10,'555555',5,1),(34,'大特價',1,1),(35,'便當',1,1),(37,'222222',2,0),(39,'AAAAA',1,0);



INSERT INTO `tab_product` (`tab_id`,`product_id`) VALUES (3,1),(34,1),(35,1),(3,2),(35,2),(3,3),(35,3),(3,4),(34,4),(35,4),(35,5),(3,6),(34,6),(3,7),(35,7),(3,8),(3,10),(5,11),(37,11),(6,12),(37,12),(5,13),(37,13),(5,14),(7,15),(8,16);



INSERT INTO `cart` (`id`, `create_time`, `update_time`, `department`, `order_username`, `qty`, `product_id`, `user_id`, `remark`) VALUES 
(2, '2024-06-30 12:07:53.857000', '2024-06-30 12:07:53.857000', '', 'userName', 5, 2, 2, NULL),
(6, '2024-06-30 12:07:53.857000', '2024-06-30 12:07:53.857000', '', 'userName', 3, 4, 2, NULL),
(7, '2024-06-30 12:07:53.857000', '2024-06-30 12:07:53.857000', '', 'valueA-A-B',  1, 1, 1, ''),
(8, '2024-06-30 12:07:56.554000', '2024-06-30 12:07:56.554000', '', 'valueA-A-B',  1, 1, 1, ''),
(9, '2024-06-30 12:07:59.667000', '2024-06-30 12:07:59.667000', '', 'valueA-A-B',  1, 1, 1, '');