CREATE TABLE PERSISTENT_LOGINS (
    series VARCHAR(64) PRIMARY KEY,
    username VARCHAR(64) NOT NULL,
    token VARCHAR(64) NOT NULL,
    last_used TIMESTAMP NOT NULL
);

-- MERGE INTO users (
--     id,
--     name,
--     phone,
--     account,
--     password,
--     role,
--     register,
--     create_time,
--     update_time
-- )
-- VALUES
--     (
--         1,
--         'admin',
--         '123456789',
--         'admin@testgmail.com',
--         'password',
--         'admin',
--         0,
--         CURRENT_TIMESTAMP,
--         CURRENT_TIMESTAMP
--     ),
--     (
--         2,
--         'user',
--         '123456789',
--         'user@testgmail.com',
--         'password',
--         'user',
--         0,
--         CURRENT_TIMESTAMP,
--         CURRENT_TIMESTAMP
--     );
MERGE INTO users (
    id,
    name,
    phone,
    account,
    password,
    role,
    address_delivery,
    register,
    create_time,
    update_time
)
VALUES
    (
        1,
        'admin',
        '123456789',
        'admin@testgmail.com',
        'password',
        'admin',
        null,
        0,
        CURRENT_TIMESTAMP,
        CURRENT_TIMESTAMP
    ),
    (
        2,
        'user',
        '123456789',
        'user@testgmail.com',
        'password',
        'user',
        null,
        0,
        CURRENT_TIMESTAMP,
        CURRENT_TIMESTAMP
    );

INSERT INTO
    addr (
        id,
        create_time,
        update_time,
        detail,
        address_data_id,
        lat,
        lng,
        user_id
    )
VALUES
    (
        10,
        '2023-10-29 03:27:23.000000',
        '2024-01-29 11:41:02.252478',
        '777---',
        4548,
        24.783683,
        121.6990149,
        1
    ),
    (
        11,
        '2023-10-29 03:28:14.000000',
        '2024-02-06 11:35:37.566287',
        '5555號',
        19639,
        24.0593315,
        120.4864467,
        1
    ),
    (
        12,
        '2023-10-30 05:49:44.950625',
        '2024-02-06 11:39:33.387367',
        '東勢街101號',
        24480,
        23.4775897,
        120.4722109,
        1
    ),
    (
        13,
        '2023-10-30 05:56:51.099439',
        '2024-02-06 11:47:09.347071',
        '102巷1270號30樓之19',
        28676,
        22.9966625,
        120.2153329,
        1
    ),
    (
        14,
        '2024-01-19 07:14:42.406223',
        '2024-01-19 07:14:42.406262',
        '123',
        107,
        25.0567519,
        121.5171557,
        1
    ),
    (
        16,
        '2024-01-19 07:26:30.741591',
        '2024-01-19 07:26:30.741625',
        '123',
        1343,
        25.0155723,
        121.4794016,
        1
    ),
    (
        22,
        '2024-01-19 10:02:27.800542',
        '2024-01-19 10:02:27.800555',
        '123',
        1009,
        25.1377761,
        121.7512333,
        1
    ),
    (
        23,
        '2024-01-19 10:02:44.506519',
        '2024-01-31 18:08:23.021680',
        '11111號',
        163,
        25.0467254,
        121.5405194,
        1
    ),
    (
        37,
        '2024-01-29 10:45:20.544024',
        '2024-02-01 11:35:56.517662',
        '123號',
        1009,
        25.1377761,
        121.7512333,
        2
    ),
    (
        38,
        '2024-01-29 10:45:27.868332',
        '2024-02-01 11:36:13.733105',
        '123巷5號',
        1009,
        25.1377761,
        121.7512333,
        2
    ),
    (
        39,
        '2024-01-29 10:45:45.232614',
        '2024-02-01 11:36:42.203260',
        '777巷22號5樓之8',
        4548,
        24.783683,
        121.6990149,
        2
    ),
    (
        40,
        '2024-01-30 11:10:19.670257',
        '2024-02-01 11:36:49.932868',
        '123號',
        28906,
        22.9779755,
        120.2136988,
        2
    ),
    (
        47,
        '2024-05-20 13:56:43.560686',
        '2024-05-20 13:56:43.560694',
        '123',
        108,
        25.0524381,
        121.5122456,
        1
    ),
    (
        48,
        '2024-05-20 13:57:16.639301',
        '2024-05-20 13:57:16.639305',
        '111111111111',
        108,
        25.0627243,
        121.5113064,
        1
    );

-- INSERT INTO
--     file_data (
--         id,
--         content_type,
--         file_name,
--         original_file_name,
--         suffix
--     )
-- VALUES
--     (
--         47,
--         'type',
--         'file47',
--         'original_file47',
--         'suffix'
--     ),
--     (2, 'type', 'file2', 'original_file2', 'suffix'),
--     (
--         15,
--         'type',
--         'file15',
--         'original_file15',
--         'suffix'
--     ),
--     (9, 'type', 'file9', 'original_file9', 'suffix'),
--     (3, 'type', 'file3', 'original_file3', 'suffix'),
--     (
--         14,
--         'type',
--         'file14',
--         'original_file14',
--         'suffix'
--     ),
--     (
--         16,
--         'type',
--         'file16',
--         'original_file16',
--         'suffix'
--     ),
--     (
--         57,
--         'type',
--         'file57',
--         'original_file57',
--         'suffix'
--     ),
--     (
--         56,
--         'type',
--         'file56',
--         'original_file56',
--         'suffix'
--     );

INSERT INTO `file_data` (id, content_type, file_name, original_file_name, suffix) VALUES
(1, 'image/jpeg', '1691994708919221.jpg', 'images.jpeg', '.jpg'),
(2, 'image/png', '1691994708919221.jpg', 'pngtree-halloween-ghost-jack-olantern-png-image_6127297.png', '.jpg'),
(3, 'image/png', '1691922420438552.jpg', 'pngtree-halloween-ghost-jack-olantern-png-image_6127298.png', '.jpg'),
(4, 'image/jpeg', '16927208415324378.jpg', '150元便當.jpg', '.jpg'),
(5, 'image/jpeg', '16927208506911241.jpg', '豬腳麵線.jpg', '.jpg'),
(6, 'image/jpeg', '16927208600983447.jpg', '香烤圓鱈+柳葉魚.jpg', '.jpg'),
(7, 'image/png', '16927208415324378.jpg', 'pngtree-halloween-ghost-jack-olantern-png-image_6127298.png', '.jpg'),
(8, 'image/jpeg', '16931471371861382.jpg', '9999999.jpg', '.jpg'),
(9, 'image/jpeg', '16931471959794482.jpg', '20230627233234.jpg', '.jpg'),
(10, 'image/jpeg', '16931472134942111.jpg', '豬腳麵線.jpg', '.jpg'),
(11, 'image/jpeg', '16931472267843470.jpg', '200元便當.jpg', '.jpg'),
(12, 'image/jpeg', '16931473729955148.jpg', '7862809.jpg', '.jpg'),
(13, 'image/jpeg', '16931496809474747.JPG', '1542296 (1).JPG', '.JPG'),
(14, 'image/jpeg', '16931510622787524.JPG', '1542296.JPG', '.JPG'),
(15, 'image/jpeg', '16932027106902359.jpg', '7862841.jpg', '.jpg'),
(16, 'image/jpeg', '16936368755369222.jpg', '20230627233234.jpg', '.jpg'),
(17, 'image/jpeg', '16937478489864516.JPG', '1542296.JPG', '.JPG'),
(18, 'image/jpeg', '16937490913911053.jpg', '1542304.jpg', '.jpg'),
(19, 'image/jpeg', '16937491499963563.jpg', '1542304.jpg', '.jpg'),
(20, 'image/jpeg', '16937493330698504.jpg', '1542304.jpg', '.jpg'),
(21, 'image/jpeg', '16937496051274089.JPG', '1542296.JPG', '.JPG'),
(22, 'image/jpeg', '16937496725718676.jpg', '1542304.jpg', '.jpg'),
(23, 'image/jpeg', '16937508048951735.JPG', '1542296.JPG', '.JPG'),
(24, 'image/jpeg', '16937530392244768.jpg', '1542304.jpg', '.jpg'),
(25, 'image/jpeg', '16937534051121005.jpg', '7862804.jpg', '.jpg'),
(26, 'image/jpeg', '16937534818651466.jpg', '200元便當.jpg', '.jpg'),
(27, 'image/jpeg', '16937928747765036.jpg', '120元便當.jpg', '.jpg'),
(28, 'image/jpeg', '16939174106862309.JPG', '1542296 (1).JPG', '.JPG'),
(29, 'image/jpeg', '16939174771997428.jpg', '7862841.jpg', '.jpg'),
(30, 'image/jpeg', '16939174834635530.jpg', '7862805.jpg', '.jpg'),
(31, 'image/jpeg', '16961402023922460.jpg', '16922736932692872.jpg', '.jpg'),
(32, 'image/jpeg', '16961402279163407.jpg', '16919947487523906.jpg', '.jpg'),
(33, 'image/jpeg', '1697535442327396.jpg', '16937534051121005.jpg', '.jpg'),
(34, 'image/jpeg', '16975355135036248.jpg', '16937490913911053.jpg', '.jpg'),
(35, 'image/jpeg', '16975357231398642.JPG', '16939174106862309.JPG', '.JPG'),
(36, 'image/jpeg', '16975358280463132.jpg', '16937530392244768.jpg', '.jpg'),
(37, 'image/jpeg', '16975358537908712.JPG', '16939174106862309.JPG', '.JPG'),
(38, 'image/jpeg', '16998996373984526.jpg', 'fotor-ai-20231113212727.jpg', '.jpg'),
(39, 'image/jpeg', '16998996649719305.jpg', 'fotor-ai-20231113212738.jpg', '.jpg'),
(40, 'image/jpeg', '17011707929039408.jpg', 'fotor-ai-2023111423344.jpg', '.jpg'),
(41, 'image/jpeg', '17011709849918422.jpg', 'd3150a76e7f13eb5027dbcbc08e3a30e.jpg', '.jpg'),
(42, 'image/jpeg', '17011709894898376.jpg', '82b7a67994bc19b0c742eb50270382eb.jpg', '.jpg'),
(43, 'image/jpeg', '17011710022555156.jpg', '82b7a67994bc19b0c742eb50270382eb (2).jpg', '.jpg'),
(44, 'image/jpeg', '17011710319562291.jpg', 'food-home.jpg', '.jpg'),
(45, 'image/jpeg', '17011710414371117.jpg', '82b7a67994bc19b0c742eb50270382eb (2).jpg', '.jpg'),
(46, 'image/jpeg', '1701592289330194.jpg', 'food-home.jpg', '.jpg'),
(47, 'image/jpeg', '17015922948981374.jpg', 'fotor-ai-2023111423344.jpg', '.jpg'),
(48, 'image/jpeg', '1701593018418979.jpg', '7862843.jpg', '.jpg'),
(49, 'image/jpeg', '1701610930812453.jpg', '7862805.jpg', '.jpg'),
(50, 'image/jpeg', '1701610936793498.jpg', '7862802.jpg', '.jpg'),
(51, 'image/jpeg', '17016266749194599.jpg', 'fotor-ai-20231113212727.jpg', '.jpg'),
(52, 'image/jpeg', '17022352341575325.jpg', '7862802.jpg', '.jpg'),
(53, 'image/jpeg', '17022352466716077.jpg', 'fotor-ai-2023111423344.jpg', '.jpg'),
(54, 'image/jpeg', '17030872440322021.jpg', '7862808.jpg', '.jpg'),
(55, 'image/jpeg', '1703087267729605.jpg', '7862802.jpg', '.jpg'),
(56, 'image/jpeg', '17056308714787091.jpeg', '780.jpeg', '.jpeg'),
(57, 'image/png', '17068381300029626.png', '780.png', '.png'),
(58, 'image/png', '17112932190367038.png', '780.png', '.png'),
(59, 'image/jpeg', '17112932447839280.jpg', '豬腳麵線.jpg', '.jpg'),
(60, 'image/jpeg', '171129331244410000.jpg', '7862831.jpg', '.jpg'),
(61, 'image/jpeg', '17112935660281598.jpg', '7862833.jpg', '.jpg'),
(62, 'image/jpeg', '17112938526551883.jpeg', 'imagesTest.jpeg', '.jpeg'),
(63, 'image/jpeg', '17201410888876328.jpeg', '780.jpeg', '.jpeg');

INSERT INTO
    shop_address (
        id,
        create_time,
        update_time,
        detail,
        lat,
        lng,
        address_data_id
    )
VALUES
    (
        1,
        '2023-08-21 17:08:22.000000',
        '2024-01-21 22:32:11.801640',
        'detai234',
        0,
        0,
        28801
    ),
    (
        2,
        '2023-08-21 17:08:22.000000',
        '2024-02-02 09:48:45.560845',
        '500巷2號',
        22.9711054,
        120.2285097,
        28801
    ),
    (
        3,
        '2023-08-21 17:08:22.000000',
        '2024-02-01 11:40:54.788691',
        '36巷5號',
        23.0266901,
        120.2541104,
        29657
    ),
    (
        4,
        '2023-08-21 17:08:22.000000',
        '2024-02-01 11:46:07.289978',
        '中山南路123巷9號',
        23.0130006,
        120.2292429,
        29115
    ),
    (
        5,
        '2023-08-21 17:08:22.000000',
        '2024-02-01 12:22:23.024529',
        '123巷111號',
        22.9693643,
        120.2304929,
        28805
    ),
    (
        6,
        '2023-08-27 23:44:23.409781',
        '2024-02-01 12:22:36.184432',
        '123號',
        22.9689151,
        120.2303236,
        28806
    ),
    (
        7,
        '2023-09-02 14:41:17.046353',
        '2023-09-02 14:41:17.046354',
        '中中路500號',
        0,
        0,
        28807
    ),
    (
        22,
        '2024-01-19 10:02:27.800542',
        '2024-02-02 18:25:26.708670',
        '123',
        25.1479172,
        121.7831788,
        1010
    ),
    (
        23,
        '2024-01-19 10:02:44.506519',
        '2024-02-02 09:42:11.535495',
        '123號',
        22.9750719,
        120.2254053,
        28757
    ),
    (
        24,
        '2024-01-19 10:05:22.335114',
        '2024-01-19 10:05:22.335124',
        '123',
        25.0567519,
        121.5171557,
        107
    ),
    (
        25,
        '2024-01-19 10:06:16.366733',
        '2024-01-19 10:06:16.366741',
        '123',
        25.0524473,
        121.5122384,
        108
    ),
    (
        27,
        '2024-01-19 10:08:05.514279',
        '2024-01-19 10:08:05.514300',
        '123',
        25.0567519,
        121.5171557,
        107
    ),
    (
        41,
        '2024-02-01 10:13:56.266198',
        '2024-02-01 10:13:56.266215',
        'detai234',
        22.9856606,
        120.2403543,
        28865
    ),
    (
        42,
        '2024-02-01 10:14:25.557291',
        '2024-02-01 10:14:25.557298',
        '234',
        22.9856606,
        120.2403543,
        28865
    ),
    (
        43,
        '2024-02-01 10:15:17.195355',
        '2024-02-01 10:15:17.195373',
        '2342',
        22.9856606,
        120.2403543,
        28865
    ),
    (
        44,
        '2024-02-01 10:16:20.686958',
        '2024-02-01 10:21:12.060596',
        '999',
        22.9893802,
        120.218628,
        28903
    );

INSERT INTO
    shop (
        id,
        create_time,
        update_time,
        description,
        is_delete,
        is_open,
        is_orderable,
        name,
        phone,
        file_data,
        user_id,
        shop_address_id,
        delivery_km,
        delivery_price
    )
VALUES
    (
        1,
        '2023-08-21 17:08:22.000000',
        '2024-06-10 11:34:56.751484',
        'description55555555555666',
        0,
        1,
        1,
        'valueA',
        '1234567890',
        47,
        1,
        44,
        10.1,
        300
    ),
    (
        2,
        '2023-08-21 17:08:22.000000',
        '2024-02-02 09:48:45.555869',
        'description商店介紹',
        0,
        1,
        1,
        'valueB',
        '1234561230',
        2,
        1,
        2,
        8,
        0
    ),
    (
        3,
        '2023-08-21 17:08:22.000000',
        '2024-02-02 18:31:24.354599',
        'description',
        0,
        0,
        0,
        'valueC',
        '1234567890',
        15,
        2,
        3,
        10,
        0
    ),
    (
        4,
        '2023-08-21 17:08:22.000000',
        '2024-02-02 18:31:33.354041',
        'description',
        0,
        0,
        1,
        'valueD',
        '1234567891',
        9,
        2,
        4,
        5,
        0
    ),
    (
        5,
        '2023-08-21 17:08:22.000000',
        '2024-02-02 18:31:41.154197',
        'description',
        0,
        0,
        0,
        'newNAME',
        '1234567891',
        3,
        2,
        5,
        10,
        0
    ),
    (
        6,
        '2023-08-27 23:44:23.420175',
        '2024-02-02 18:31:48.874443',
        'AA',
        0,
        0,
        0,
        'AA',
        '0123456789',
        14,
        2,
        6,
        10,
        0
    ),
    (
        7,
        '2023-09-02 14:41:17.050733',
        '2023-10-05 01:04:13.658866',
        'RRR',
        1,
        1,
        1,
        'RRR',
        '0123456789',
        16,
        1,
        7,
        NULL,
        0
    ),
    (
        22,
        '2024-01-19 10:08:05.520255',
        '2024-02-02 18:29:07.430529',
        'NNNN',
        0,
        0,
        0,
        'NN小店',
        '1234567890',
        NULL,
        1,
        22,
        5,
        0
    ),
    (
        23,
        '2024-01-19 10:11:03.238639',
        '2024-02-02 09:42:11.534287',
        'NNNN',
        0,
        1,
        1,
        'NN小店A',
        '1234567890',
        57,
        1,
        23,
        100,
        0
    ),
    (
        24,
        '2024-01-19 10:11:56.000614',
        '2024-02-02 18:29:28.129114',
        'NNNN',
        0,
        0,
        0,
        'NN小店GG',
        '1234567890',
        NULL,
        1,
        24,
        11,
        0
    ),
    (
        25,
        '2024-01-19 10:20:51.119786',
        '2024-02-02 18:26:44.017847',
        'NNNN',
        0,
        0,
        0,
        'NN小店YY',
        '1234567890',
        56,
        1,
        25,
        20,
        0
    ),
    (
        27,
        '2024-01-25 01:05:56.336765',
        '2024-02-02 18:29:37.141195',
        'NNNN',
        0,
        0,
        0,
        'NN小店-東東店',
        '1234567890',
        NULL,
        1,
        27,
        9,
        0
    );

INSERT INTO
    `love`
VALUES
    (1, 1),
    (2, 1),
    (1, 2),
    (2, 2),
    (1, 4),
    (1, 5),
    (1, 6);

INSERT INTO
    `category`
VALUES
    (1, '便當'),
    (2, '火鍋'),
    (3, '炸雞'),
    (4, '手搖飲');

INSERT INTO
    `shop_category`
VALUES
    (1, 1),
    (2, 1),
    (3, 1),
    (3, 2),
    (4, 2),
    (3, 3);

INSERT INTO
    `schedule` (
        `id`,
        `end_time`,
        `start_time`,
        `type`,
        `shop_id`,
        `week`
    )
VALUES
    (2, '17:00:00', '13:00:00', 1, 1, 2),
    (4, '12:00:00', '08:00:00', 1, 1, 4),
    (5, '17:00:00', '13:00:00', 0, 2, 5),
    (6, '22:00:00', '18:00:00', 1, 2, 6),
    (7, '12:00:00', '08:00:00', 0, 3, 0),
    (8, '17:00:00', '13:00:00', 1, 3, 1),
    (9, '22:00:00', '18:00:00', 0, 4, 2),
    (10, '12:00:00', '08:00:00', 1, 5, 3),
    (11, '19:00:00', '16:00:00', 1, 1, 1),
    (12, '19:00:00', '16:00:00', 1, 1, 2),
    (196, '00:00:00', '00:00:00', 0, 1, 0),
    (203, '00:50:00', '00:20:00', 0, 1, 1),
    (204, '06:30:00', '03:20:00', 0, 1, 1),
    (205, '00:50:00', '00:20:00', 0, 1, 2),
    (206, '06:30:00', '03:20:00', 0, 1, 2),
    (207, '00:50:00', '00:20:00', 0, 1, 3),
    (208, '06:30:00', '03:20:00', 0, 1, 3),
    (209, '04:20:00', '00:10:00', 0, 1, 5),
    (210, '15:30:00', '09:10:00', 0, 1, 5),
    (213, '03:40:00', '00:30:00', 0, 2, 1),
    (214, '18:10:00', '10:00:00', 0, 2, 1),
    (215, '00:00:00', '00:00:00', 0, 1, 4);

INSERT INTO `product` (`id`, `create_time`, `update_time`, `description`, `is_delete`, `is_orderable`, `name`, `price`, `file_data`, `shop_id`) VALUES 
(1, NULL, '2023-10-04 21:44:44.139493', '12345', 0, 1, 'value1A---', 100, 4, 1),
(2, NULL, '2023-10-17 16:02:49.783019', '1234566666666555', 0, 0, 'value1BBCC', 200, 32, 1),
(3, NULL, '2023-10-17 16:02:41.045266', '12345', 0, 1, 'value1C', 30, 5, 1),
(4, NULL, '2023-10-04 21:13:24.710195', 'AA', 0, 1, 'value1D', 40, 6, 1),
(5, NULL, '2023-12-20 23:47:50.176436', 'AA', 0, 1, 'value1A', 10, 55, 1),
(6, NULL, '2023-10-04 21:40:37.702206', NULL, 0, 0, 'value1B～～～～～～未上架', 20, NULL, 1),
(7, NULL, NULL, NULL, 0, 1, 'value1C', 30, 11, 1),
(8, NULL, NULL, NULL, 0, 1, 'value1C', 30, NULL, 1),
(9, NULL, '2023-12-11 02:57:22.004627', NULL, 1, 0, 'value1D未上架', 40, NULL, 1),
(10, NULL, '2023-10-04 23:39:35.188325', NULL, 0, 1, 'value1D', 40, NULL, 1),
(11, '2023-09-03 22:20:06.650485', '2023-09-03 22:20:06.650489', 'VVVVVVV', 0, 1, 'VVVVVV', 99999, 23, 2),
(12, '2023-09-03 22:20:20.137518', '2023-10-20 20:31:50.472138', 'VVVVVVV', 0, 0, 'VVVVVV', 99999, 23, 2),
(13, '2023-09-03 23:03:26.411570', '2023-09-03 23:03:26.411576', 'AAAAAAAA', 0, 1, 'AAAAAAA', 10000, 25, 2),
(14, '2023-09-04 10:01:16.172190', '2023-10-19 17:48:11.448367', '333', 0, 1, '33333333333VVVVVVVVVVVVVVVVVVVVVVVVVVVVVV', 333, 27, 2),
(15, '2023-09-05 20:36:52.663287', '2023-09-05 20:36:52.663290', 'FFFF', 0, 1, 'AAA', 123, 28, 3),
(16, '2023-09-05 20:38:04.954245', '2023-09-05 20:38:04.954250', 'UUUUUUU', 0, 1, 'UUUUUUUUUU', 123, 30, 3),
(17, '2023-10-17 17:37:53.094072', '2023-10-17 17:41:29.770036', '將將麵--將將麵將將麵', 0, 1, '將將麵', 100, 33, 1),
(18, '2023-10-17 17:39:06.318358', '2023-10-17 17:39:19.288222', '奶油麵-+奶油麵+奶油麵+奶油麵+', 0, 0, '奶油麵', 500, 34, 1),
(19, '2023-10-17 17:42:09.275717', '2023-10-17 17:42:16.411086', 'AAAAAa', 0, 1, 'AAAAAA', 50, 35, 1),
(20, '2023-10-17 17:43:52.176326', '2023-10-17 17:43:52.176329', 'A', 0, 1, 'AAAAAAAAA', 10, 36, 1),
(21, '2023-10-17 17:44:14.973147', '2023-12-20 23:47:26.221270', 'TTT', 0, 1, 'TTTT', 10, 54, 1),
(22, '2023-11-28 19:26:39.813138', '2023-11-28 19:26:39.813146', 'SSS', 0, 1, 'SSS', 50, 40, 1),
(23, '2023-12-03 16:43:41.338024', '2023-12-03 16:43:41.338027', 'FFFFF', 0, 1, 'FFFFFFF', 500, 48, 2),
(24, '2023-12-04 02:04:36.851512', '2023-12-04 02:04:36.851523', 'TTTTTTT', 0, 1, 'TTTTTTTT', 500, 51, 1);



INSERT INTO `tab` (`id`, `name`, `shop_id`, `is_shelve`) VALUES (3,'value1C',1,1),(5,'value1A',2,1),(6,'value1B',2,1),(7,'3333333',3,1),(8,'value1C',3,1),(9,'value1D',4,1),(10,'555555',5,1),(34,'大特價',1,1),(35,'便當',1,1),(37,'222222',2,0),(39,'AAAAA',1,0);



INSERT INTO `tab_product` (`tab_id`,`product_id`) VALUES (3,1),(34,1),(35,1),(3,2),(35,2),(3,3),(35,3),(3,4),(34,4),(35,4),(35,5),(3,6),(34,6),(3,7),(35,7),(3,8),(3,10),(5,11),(37,11),(6,12),(37,12),(5,13),(37,13),(5,14),(7,15),(8,16);



INSERT INTO `cart` (`id`, `create_time`, `update_time`, `department`, `order_username`, `qty`, `product_id`, `user_id`, `remark`) VALUES 
(2, '2024-06-30 12:07:53.857000', '2024-06-30 12:07:53.857000', '', 'userName', 5, 2, 2, NULL),
(6, '2024-06-30 12:07:53.857000', '2024-06-30 12:07:53.857000', '', 'userName', 3, 4, 2, NULL),
(7, '2024-06-30 12:07:53.857000', '2024-06-30 12:07:53.857000', '', 'valueA-A-B',  1, 1, 1, ''),
(8, '2024-06-30 12:07:56.554000', '2024-06-30 12:07:56.554000', '', 'valueA-A-B',  1, 1, 1, ''),
(9, '2024-06-30 12:07:59.667000', '2024-06-30 12:07:59.667000', '', 'valueA-A-B',  1, 1, 1, '');




INSERT INTO `ordered` 
(`id`, `create_time`, `update_time`, `address_id`, `shop_id`, `user_id`, `remark`, `status`, `take_time`) VALUES 
(1,'2023-10-31 23:52:25.037478','2023-10-31 23:52:25.037514',10,1,1,'AAAAAAAAAA',99,'2023-11-30 17:01:39.000000'),
(2,'2023-10-31 23:53:53.483732','2023-10-31 23:53:53.483760',10,1,1,'AAAAAAAAAA',99,'2023-11-30 17:01:39.000000'),
(3,'2023-10-31 23:54:10.847572','2023-10-31 23:54:10.847579',10,1,1,NULL,99,'2023-11-30 17:01:39.000000'),
(4,'2023-10-31 23:57:23.309107','2023-10-31 23:57:23.309138',10,1,1,NULL,99,'2023-11-30 17:01:39.000000'),
(5,'2023-11-01 01:26:58.641208','2023-11-01 01:26:58.641236',10,1,1,NULL,99,'2023-11-30 17:01:39.000000'),
(6,'2023-11-01 01:28:36.343518','2023-11-01 01:28:36.343535',10,1,1,NULL,99,'2023-11-30 17:01:39.000000'),
(7,'2023-11-01 21:11:21.390615','2023-11-01 21:11:21.390654',10,1,1,NULL,99,'2023-11-30 17:01:39.000000'),
(8,'2023-11-02 06:03:00.834232','2023-11-02 06:03:00.834260',10,1,1,NULL,99,'2023-11-03 19:24:11.000000'),
(9,'2023-11-02 06:03:57.835775','2023-11-02 06:03:57.835806',10,1,1,NULL,99,'2023-11-03 19:24:11.000000'),
(10,'2023-11-02 06:06:43.725236','2023-11-02 06:06:43.725262',10,1,2,'',99,'2023-11-02 07:30:00.000000'),
(11,'2023-11-02 06:18:08.940959','2023-11-02 06:18:08.940980',10,1,2,'',99,'2023-11-02 07:40:00.000000'),
(12,'2023-11-02 06:18:56.226010','2023-11-02 06:18:56.226029',10,1,2,'',99,'2023-11-02 07:50:00.000000'),
(13,'2023-11-02 06:20:01.577274','2023-11-02 06:20:01.577309',10,1,2,NULL,99,'2023-11-03 19:24:11.000000'),
(14,'2023-11-02 06:21:48.763394','2023-11-02 06:21:48.763427',10,1,2,NULL,99,'2023-11-03 19:24:11.000000'),
(15,'2023-11-03 04:11:51.858765','2023-11-03 04:11:51.858778',10,1,2,'',99,'2023-11-06 05:00:00.000000'),
(16,'2023-11-03 04:15:47.877938','2023-11-03 04:15:47.877943',10,1,2,'',99,'2023-11-06 01:00:00.000000'),
(17,'2023-11-03 04:16:33.701436','2023-11-03 04:16:33.701444',10,1,2,'',99,'2023-11-07 12:40:00.000000'),
(18,'2023-11-03 04:17:31.452359','2023-11-03 04:17:31.452370',10,3,2,'',99,'2023-11-07 12:50:00.000000'),
(19,'2023-11-03 04:19:48.380974','2023-11-03 04:19:48.380981',10,1,2,'',99,'2023-11-07 04:00:00.000000'),
(20,'2023-11-03 04:26:25.271302','2023-11-03 04:26:25.271322',10,1,2,'',99,'2023-11-06 01:00:00.000000'),
(21,'2023-11-03 04:30:33.669444','2023-11-03 04:30:33.669482',10,1,2,'',99,'2023-11-08 12:50:00.000000'),
(22,'2023-11-03 18:05:29.208010','2023-11-08 01:54:45.930044',10,1,2,'',12,'2023-11-07 01:00:00.000000'),
(23,'2023-11-07 00:33:14.490138','2023-11-08 03:49:40.002200',11,1,2,'PPPPPPPPPPPPPPPPPPPP',93,'2023-11-07 06:50:00.000000'),
(24,'2023-11-07 00:44:12.086418','2023-11-08 03:52:31.529401',13,1,2,'',12,'2023-11-07 07:20:00.000000'),
(25,'2023-11-07 03:14:51.575520','2023-11-08 03:55:03.052569',13,1,2,'DDDDDDDDDDDDDDDDD',12,'2023-11-07 07:30:00.000000'),
(26,'2023-11-07 13:04:10.224239','2023-12-08 15:08:38.276324',12,1,2,'',12,'2023-11-13 01:00:00.000000'),
(27,'2023-11-07 15:51:26.708234','2023-11-08 03:55:13.617455',10,1,2,'',93,'2023-11-07 17:00:00.000000'),
(28,'2023-11-07 15:51:54.084080','2023-11-08 03:55:17.609535',11,1,2,'',12,'2023-11-07 17:00:00.000000'),
(29,'2023-11-07 16:03:08.513778','2023-11-08 03:55:20.454798',12,3,2,'',93,'2023-11-07 17:10:00.000000'),
(30,'2023-11-07 16:07:15.693430','2023-12-08 15:08:38.281290',10,1,2,'',12,'2023-11-07 17:10:00.000000'),
(31,'2023-11-07 16:41:34.820420','2023-12-08 15:08:38.281780',12,3,2,'',12,'2023-11-07 18:20:00.000000'),
(32,'2023-11-07 16:42:11.866675','2023-11-08 03:55:40.595138',11,1,2,'',12,'2023-11-07 18:30:00.000000'),
(33,'2023-11-07 16:43:02.785100','2023-12-08 15:08:38.282270',10,2,2,'',12,'2023-11-07 18:40:00.000000'),
(34,'2023-11-07 16:43:34.142586','2023-11-08 03:55:43.845531',11,1,2,'',12,'2023-11-07 18:50:00.000000'),
(35,'2023-11-07 16:43:55.334715','2023-12-08 15:08:38.282760',10,2,2,'',12,'2023-11-07 18:50:00.000000'),
(36,'2023-11-07 16:45:04.221826','2023-11-08 03:55:46.484878',10,1,2,'',12,'2023-11-07 18:50:00.000000'),
(37,'2023-11-07 16:45:21.401277','2023-12-08 15:08:38.283250',12,2,2,'',12,'2023-11-07 18:50:00.000000'),
(38,'2023-11-07 16:45:53.284644','2023-12-08 15:08:38.283740',11,1,2,'',12,'2023-11-07 18:50:00.000000'),
(39,'2023-11-07 16:46:08.781065','2023-12-08 15:08:38.284230',12,2,2,'',12,'2023-11-07 18:50:00.000000'),
(40,'2023-11-07 16:46:33.058111','2023-11-08 03:55:49.377556',12,1,2,'',12,'2023-11-07 19:00:00.000000'),
(41,'2023-11-07 16:46:59.798473','2023-11-08 03:55:50.986841',10,1,2,'',12,'2023-11-07 19:00:00.000000'),
(42,'2023-11-07 16:47:20.734288','2023-12-08 15:08:38.285210',11,2,2,'',12,'2023-11-07 19:00:00.000000'),
(43,'2023-11-07 16:47:35.226870','2023-11-08 03:55:53.812825',10,1,2,'',12,'2023-11-07 19:00:00.000000'),
(44,'2023-11-07 16:47:50.571392','2023-12-08 15:08:38.285700',12,2,2,'',12,'2023-11-07 19:00:00.000000'),
(45,'2023-11-07 16:48:23.121637','2023-12-08 15:08:38.286190',11,2,2,'',12,'2023-11-07 19:00:00.000000'),
(46,'2023-11-07 16:48:39.160897','2023-11-08 03:55:57.730056',10,1,2,'',12,'2023-11-07 19:10:00.000000'),
(47,'2023-11-07 16:49:03.284974','2023-12-08 15:08:38.286680',12,2,2,'',12,'2023-11-07 19:10:00.000000'),
(48,'2023-11-07 16:49:23.036340','2023-12-08 15:08:38.287170',11,2,2,'',12,'2023-11-07 19:10:00.000000'),
(49,'2023-11-07 16:49:52.351051','2023-12-08 15:08:38.287660',12,2,2,'',12,'2023-11-07 19:10:00.000000'),
(50,'2023-11-07 16:50:11.666594','2023-11-08 03:56:02.359658',10,1,2,'',12,'2023-11-07 19:20:00.000000'),
(51,'2023-11-07 16:50:29.250752','2023-11-08 03:56:05.507725',12,1,2,'',12,'2023-11-07 19:20:00.000000'),
(52,'2023-11-07 16:51:18.905399','2023-11-08 03:56:08.181754',10,1,2,'',12,'2023-11-07 19:20:00.000000'),
(53,'2023-11-07 16:51:35.568632','2023-11-08 03:56:10.330807',12,1,2,'',12,'2023-11-07 19:20:00.000000'),
(54,'2023-11-07 16:51:52.078610','2023-11-08 03:56:12.518848',10,1,2,'',12,'2023-11-07 19:20:00.000000'),
(55,'2023-11-07 16:52:07.596915','2023-12-08 15:08:38.288150',11,2,2,'',12,'2023-11-07 19:20:00.000000'),
(56,'2023-11-07 16:52:26.097614','2023-12-08 15:08:38.288640',12,2,2,'',12,'2023-11-07 19:20:00.000000'),
(57,'2023-11-07 16:52:42.408642','2023-12-08 15:08:38.289130',11,2,2,'',12,'2023-11-07 19:20:00.000000'),
(58,'2023-11-07 16:52:59.942683','2023-11-08 03:56:14.609887',12,1,2,'',12,'2023-11-07 19:20:00.000000'),
(59,'2023-11-07 16:53:16.314222','2023-12-08 15:08:38.289620',10,2,2,'',12,'2023-11-07 19:20:00.000000'),
(60,'2023-11-07 16:53:34.086926','2023-12-08 15:08:38.290110',12,2,2,'',12,'2023-11-07 19:20:00.000000'),
(61,'2023-11-07 16:54:05.141387','2023-11-08 03:56:18.344931',11,1,2,'',12,'2023-11-07 19:30:00.000000'),
(62,'2023-11-07 16:54:21.135472','2023-12-08 15:08:38.290600',12,2,2,'',12,'2023-11-07 19:30:00.000000'),
(63,'2023-11-07 16:54:36.756468','2023-12-08 15:08:38.291090',11,2,2,'',12,'2023-11-07 19:30:00.000000'),
(64,'2023-11-07 16:54:55.003852','2023-12-08 15:08:38.291580',12,2,2,'',12,'2023-11-07 19:40:00.000000'),
(65,'2023-11-07 16:55:10.842628','2023-12-08 15:08:38.292070',11,3,2,'',11,'2023-11-07 19:30:00.000000');


-- INSERT INTO `order_detail` VALUES (1,'2023-10-31 23:52:25.050003','2023-12-08 15:09:25.595492',100,1,37,1,'userName','AAAA'),(5,'2023-10-31 23:53:59.639072','2023-12-08 15:09:25.596206',200,1,37,2,'userName','AAAA'),(21,'2023-11-07 00:33:14.504197','2023-11-07 00:33:14.504204',30,5,23,3,'userName',''),(22,'2023-11-07 00:33:14.506436','2023-11-07 00:33:14.506440',30,2,23,3,'userName',''),(23,'2023-11-07 00:44:12.087473','2023-11-07 00:44:12.087475',30,3,24,3,'valueA-A-B','TTTTTTTTTTTTTTTTT'),(24,'2023-11-07 00:44:12.088038','2023-11-07 00:44:12.088040',30,1,24,3,'valueA-A-B****','TTTTTT'),(25,'2023-11-07 00:44:12.088468','2023-11-07 00:44:12.088470',100,2,24,1,'valueA-A-B','DFDF'),(26,'2023-11-07 00:44:12.089044','2023-11-07 00:44:12.089046',40,1,24,10,'valueA-A-B-----fffffff','fffffffffffffffffff'),(27,'2023-11-07 03:14:51.576982','2023-11-07 03:14:51.576984',30,2,25,7,'valueA-A-B',''),(28,'2023-11-07 03:14:51.577510','2023-11-07 03:14:51.577511',30,1,25,8,'valueA-A-B',''),(29,'2023-11-07 03:14:51.577902','2023-11-07 03:14:51.577903',40,1,25,10,'valueA-A-B',''),(30,'2023-11-07 03:14:51.578271','2023-11-07 03:14:51.578272',30,1,25,3,'valueA-A-B',''),(31,'2023-11-07 03:14:51.578617','2023-11-07 03:14:51.578618',40,1,25,4,'valueA-A-B',''),(32,'2023-11-07 03:14:51.578940','2023-11-07 03:14:51.578941',10,1,25,5,'valueA-A-B',''),(33,'2023-11-07 03:14:51.579382','2023-11-07 03:14:51.579382',100,1,25,1,'valueA-A-B',''),(34,'2023-11-07 03:14:51.579742','2023-11-07 03:14:51.579743',30,1,25,3,'valueA-A-B',''),(35,'2023-11-07 03:14:51.580088','2023-11-07 03:14:51.580089',10,1,25,5,'valueA-A-B',''),(36,'2023-11-07 03:14:51.580430','2023-11-07 03:14:51.580432',30,1,25,8,'valueA-A-B',''),(37,'2023-11-07 03:14:51.580784','2023-11-07 03:14:51.580785',30,1,25,7,'valueA-A-B',''),(38,'2023-11-07 13:04:10.235005','2023-11-07 13:04:10.235008',30,5,26,3,'userName',''),(39,'2023-11-07 13:04:10.236290','2023-11-07 13:04:10.236292',30,2,26,3,'userName',''),(40,'2023-11-07 13:04:10.237177','2023-11-07 13:04:10.237178',100,1,26,1,'valueA-A-B',''),(41,'2023-11-07 13:04:10.237824','2023-11-07 13:04:10.237826',30,1,26,3,'valueA-A-B',''),(42,'2023-11-07 13:04:10.238425','2023-11-07 13:04:10.238426',10,1,26,5,'valueA-A-B',''),(43,'2023-11-07 13:04:10.239213','2023-11-07 13:04:10.239214',30,1,26,7,'valueA-A-B',''),(44,'2023-11-07 13:04:10.239860','2023-11-07 13:04:10.239861',30,1,26,8,'valueA-A-B',''),(45,'2023-11-07 13:04:10.240506','2023-11-07 13:04:10.240507',40,1,26,10,'valueA-A-B',''),(46,'2023-11-07 13:04:10.241090','2023-11-07 13:04:10.241091',10,1,26,5,'valueA-A-B',''),(47,'2023-11-07 13:04:10.241780','2023-11-07 13:04:10.241781',100,1,26,1,'valueA-A-B',''),(48,'2023-11-07 13:04:10.242437','2023-11-07 13:04:10.242439',30,1,26,7,'valueA-A-B',''),(49,'2023-11-07 15:51:26.709323','2023-11-07 15:51:26.709325',30,1,27,3,'valueA-A-B',''),(50,'2023-11-07 15:51:54.085347','2023-11-07 15:51:54.085349',30,1,28,7,'valueA-A-B',''),(51,'2023-11-07 16:03:08.516185','2023-11-07 16:03:08.516188',40,1,29,10,'valueA-A-B',''),(52,'2023-11-07 16:07:15.694662','2023-11-07 16:07:15.694664',100,1,30,1,'valueA-A-B',''),(53,'2023-11-07 16:41:34.823603','2023-11-07 16:41:34.823610',99999,1,31,11,'valueA-A-B',''),(54,'2023-11-07 16:42:11.490535','2023-11-07 16:42:11.490537',123,1,32,15,'valueA-A-B',''),(55,'2023-11-08 22:25:19.294841','2023-11-08 22:25:19.294844',30,5,33,3,'userName',''),(56,'2023-11-08 22:25:19.295754','2023-11-08 22:25:19.295757',30,2,33,3,'userName',''),(57,'2023-11-08 22:25:19.296405','2023-11-08 22:25:19.296407',100,1,33,1,'valueA-A-B','AAAAAAAAAAAA'),(58,'2023-11-08 22:25:19.296931','2023-11-08 22:25:19.296933',30,2,33,8,'valueA-A-B','AAAAAAAA'),(59,'2023-11-08 22:25:19.297417','2023-11-08 22:25:19.297418',30,2,33,3,'valueA-A-B','AAAAAA'),(60,'2023-11-08 22:25:19.297954','2023-11-08 22:25:19.297956',100,1,33,1,'valueA-A-B',''),(61,'2023-11-08 22:25:19.298482','2023-11-08 22:25:19.298483',30,1,33,8,'valueA-A-B',''),(62,'2023-11-08 22:25:19.298940','2023-11-08 22:25:19.298942',30,1,33,3,'valueA-A-B',''),(63,'2023-11-08 22:25:19.299398','2023-11-08 22:25:19.299399',100,2,33,1,'valueA-A-B',''),(64,'2023-11-08 22:25:19.299849','2023-11-08 22:25:19.299850',30,1,33,3,'valueA-A-B',''),(65,'2023-11-08 22:25:19.300268','2023-11-08 22:25:19.300269',40,2,33,10,'valueA-A-B',''),(66,'2023-11-08 22:25:19.300675','2023-11-08 22:25:19.300676',40,2,33,4,'valueA-A-B',''),(67,'2023-11-08 22:25:19.301139','2023-11-08 22:25:19.301140',10,1,33,5,'valueA-A-B','BBBBBBBBBBB'),(68,'2023-11-08 22:41:22.857590','2023-11-08 22:41:22.857592',100,1,34,1,'valueA-A-B','FFFFFFFFFFFFFFff'),(69,'2023-12-02 16:51:48.032223','2023-12-02 16:51:48.032226',10000,1,35,13,'valueA-A-B',''),(70,'2023-12-02 16:51:48.033283','2023-12-02 16:51:48.033285',99999,1,35,11,'valueA-A-B',''),(71,'2023-12-02 17:02:28.618068','2023-12-02 17:02:28.618071',10,1,36,20,'valueA-A-B',''),(72,'2023-12-02 17:02:28.618603','2023-12-02 17:02:28.618604',10,1,36,5,'valueA-A-B',''),(73,'2023-12-08 15:09:25.584789','2023-12-08 15:09:25.584796',30,5,37,3,'userName','AAAA'),(74,'2023-12-08 15:09:25.586068','2023-12-08 15:09:25.586071',30,2,37,3,'userName','kkkkkkkkkkkkkkkkkkkkkkkkkkkkkkkkkkkkkkkkkkkkkkkkkkkkkkkk'),(75,'2023-12-08 15:09:25.587469','2023-12-08 15:09:25.587470',40,1,37,4,'valueA-A-B',''),(76,'2023-12-08 15:09:25.588118','2023-12-08 15:09:25.588120',100,1,37,1,'valueA-A-B',''),(77,'2023-12-08 15:09:58.723622','2023-12-08 15:09:58.723627',99999,1,38,11,'valueA-A-B',''),(78,'2023-12-08 15:15:26.919038','2023-12-08 15:15:26.919040',99999,1,39,11,'valueA-A-B',''),(79,'2023-12-08 15:15:54.467369','2023-12-08 15:15:54.467375',99999,1,40,11,'valueA-A-B',''),(80,'2023-12-08 15:16:07.760034','2023-12-08 15:16:07.760040',30,1,41,7,'valueA-A-B',''),(81,'2023-12-08 15:26:53.360251','2023-12-08 15:26:53.360253',30,1,42,7,'valueA-A-B',''),(82,'2023-12-08 15:27:11.789823','2023-12-08 15:27:11.789825',10000,1,43,13,'valueA-A-B',''),(83,'2023-12-08 15:42:34.684981','2023-12-08 15:42:34.684983',40,1,44,4,'valueA-A-B',''),(84,'2023-12-08 15:52:02.074958','2023-12-08 15:52:02.074960',99999,1,45,11,'valueA-A-B',''),(85,'2023-12-08 15:53:24.272301','2023-12-08 15:53:24.272303',99999,1,46,11,'valueA-A-B',''),(86,'2024-01-21 22:05:20.573003','2024-01-21 22:05:20.573008',40,1,47,4,'valueA-A-B',''),(87,'2024-01-21 22:05:20.574954','2024-01-21 22:05:20.574958',30,1,47,7,'valueA-A-B',''),(88,'2024-02-05 15:02:23.834474','2024-02-05 15:02:23.834476',99999,1,48,11,'valueA-A-B',''),(89,'2024-02-05 15:02:43.325194','2024-02-05 15:02:43.325196',40,1,49,4,'valueA-A-B',''),(90,'2024-03-07 02:29:33.645349','2024-03-07 02:29:33.645352',100,1,50,1,'valueA-A-B',''),(91,'2024-03-07 02:29:33.646334','2024-03-07 02:29:33.646336',100,10,50,1,'valueA-A-B',''),(92,'2024-03-07 02:29:33.647070','2024-03-07 02:29:33.647073',100,10,50,1,'valueA-A-B',''),(93,'2024-05-09 23:55:36.216933','2024-05-09 23:55:36.216938',100,1,51,1,'valueA-A-B',''),(94,'2024-05-09 23:55:36.219415','2024-05-09 23:55:36.219419',100,1,51,1,'valueA-A-B',''),(95,'2024-05-09 23:55:36.221492','2024-05-09 23:55:36.221498',40,1,51,4,'valueA-A-B',''),(96,'2024-05-09 23:55:36.223387','2024-05-09 23:55:36.223390',30,1,51,7,'valueA-A-B',''),(97,'2024-05-09 23:55:36.224396','2024-05-09 23:55:36.224397',100,8,51,1,'valueA-A-B',''),(98,'2024-05-23 10:21:18.579604','2024-05-23 10:21:18.579608',100,1,52,1,'jjj',''),(99,'2024-05-23 10:21:18.581011','2024-05-23 10:21:18.581014',40,1,52,4,'jjj',''),(100,'2024-05-23 10:21:18.581790','2024-05-23 10:21:18.581792',30,1,52,7,'jjj',''),(101,'2024-05-23 10:21:18.582629','2024-05-23 10:21:18.582631',100,10,52,1,'jjj',''),(102,'2024-05-23 10:31:27.241393','2024-05-23 10:31:27.241399',100,1,53,1,'jjj',''),(103,'2024-05-23 10:31:27.243820','2024-05-23 10:31:27.243824',100,9,53,1,'jjj',''),(104,'2024-05-23 10:41:54.548312','2024-05-23 10:41:54.548316',100,10,54,1,'jjj',''),(105,'2024-05-23 11:02:56.159276','2024-05-23 11:02:56.159279',100,8,55,1,'jjj',''),(106,'2024-05-23 11:02:56.160012','2024-05-23 11:02:56.160014',100,1,55,1,'jjj',''),(107,'2024-05-23 11:02:56.160545','2024-05-23 11:02:56.160547',100,1,55,1,'jjj',''),(108,'2024-05-28 16:57:43.177928','2024-05-28 16:57:43.177931',100,10,56,1,'valueA-A-B',''),(109,'2024-05-28 16:57:43.179406','2024-05-28 16:57:43.179408',100,1,56,1,'valueA-A-B',''),(110,'2024-05-28 16:57:43.180398','2024-05-28 16:57:43.180400',40,1,56,4,'valueA-A-B',''),(111,'2024-05-28 16:57:43.181088','2024-05-28 16:57:43.181089',30,1,56,7,'valueA-A-B',''),(112,'2024-05-28 16:57:43.181725','2024-05-28 16:57:43.181726',30,1,56,7,'valueA-A-B',''),(113,'2024-05-28 16:57:43.182521','2024-05-28 16:57:43.182523',40,1,56,4,'valueA-A-B',''),(114,'2024-05-28 16:57:43.184046','2024-05-28 16:57:43.184049',100,1,56,1,'valueA-A-B',''),(115,'2024-05-28 16:57:43.185167','2024-05-28 16:57:43.185169',100,1,56,1,'valueA-A-B',''),(116,'2024-05-28 16:57:43.185995','2024-05-28 16:57:43.186001',100,1,56,1,'valueA-A-B',''),(117,'2024-05-28 16:57:43.186960','2024-05-28 16:57:43.186962',100,1,56,1,'valueA-A-B',''),(118,'2024-05-28 17:00:03.936119','2024-05-28 17:00:03.936122',100,10,57,1,'valueA-A-B',''),(119,'2024-06-07 08:05:27.013747','2024-06-07 08:05:27.013750',100,10,58,1,'jjj',''),(120,'2024-06-08 17:42:30.769002','2024-06-08 17:42:30.769005',100,1,59,1,'valueA-A-B',''),(121,'2024-06-08 17:42:30.770532','2024-06-08 17:42:30.770534',100,9,59,1,'valueA-A-B',''),(122,'2024-06-08 17:47:53.392500','2024-06-08 17:47:53.392503',100,10,60,1,'valueA-A-B',''),(123,'2024-06-10 12:39:13.439455','2024-06-10 12:39:13.439460',100,3,61,1,'valueA-A-B',''),(124,'2024-06-10 12:59:01.275437','2024-06-10 12:59:01.275439',100,4,62,1,'valueA-A-B',''),(125,'2024-06-10 12:59:04.507785','2024-06-10 12:59:04.507789',100,4,62,1,'valueA-A-B',''),(126,'2024-06-10 13:00:29.334627','2024-06-10 13:00:29.334630',100,5,63,1,'valueA-A-B',''),(128,'2024-06-11 20:13:56.248954','2024-06-11 20:13:56.248959',99999,1,65,11,'valueA-A-B',''),(129,'2024-06-11 21:07:06.477174','2024-06-11 21:07:06.477176',100,2,66,1,'valueA-A-B',''),(130,'2024-06-11 21:07:06.477837','2024-06-11 21:07:06.477838',40,2,66,4,'valueA-A-B',''),(131,'2024-06-11 21:07:06.478262','2024-06-11 21:07:06.478263',30,1,66,7,'valueA-A-B',''),(132,'2024-06-11 21:07:06.478708','2024-06-11 21:07:06.478709',40,1,66,10,'valueA-A-B',''),(133,'2024-06-11 21:07:06.479067','2024-06-11 21:07:06.479068',40,1,66,4,'valueA-A-B',''),(134,'2024-06-11 21:07:06.479427','2024-06-11 21:07:06.479428',100,1,66,1,'valueA-A-B',''),(135,'2024-06-11 21:07:06.479812','2024-06-11 21:07:06.479813',30,1,66,7,'valueA-A-B',''),(136,'2024-06-11 21:07:06.480167','2024-06-11 21:07:06.480168',40,2,66,4,'valueA-A-B',''),(137,'2024-06-11 21:07:06.480518','2024-06-11 21:07:06.480519',10,2,66,5,'valueA-A-B',''),(138,'2024-06-11 21:07:06.481143','2024-06-11 21:07:06.481145',30,2,66,3,'valueA-A-B',''),(139,'2024-06-12 12:38:02.800433','2024-06-12 12:38:02.800439',30,1,67,8,'valueA-A-B',''),(140,'2024-06-12 12:38:02.802189','2024-06-12 12:38:02.802191',40,1,67,4,'valueA-A-B',''),(141,'2024-06-12 12:38:02.803053','2024-06-12 12:38:02.803055',100,3,67,1,'valueA-A-B',''),(142,'2024-06-12 12:50:22.235778','2024-06-12 12:50:22.235782',99999,3,68,11,'valueA-A-B',''),(143,'2024-06-20 21:27:23.593000','2024-06-20 21:27:23.593000',100,3,69,1,'valueA-A-B',''),(144,'2024-06-20 21:27:23.594000','2024-06-20 21:27:23.594000',40,1,69,4,'valueA-A-B',''),(145,'2024-06-20 21:27:23.595000','2024-06-20 21:27:23.595000',30,1,69,7,'valueA-A-B',''),(146,'2024-06-26 14:45:56.730000','2024-06-26 14:45:56.730000',100,2,70,1,'jjj',''),(147,'2024-06-26 14:45:56.732000','2024-06-26 14:45:56.732000',40,1,70,4,'jjj',''),(148,'2024-06-26 14:45:56.732000','2024-06-26 14:45:56.732000',30,1,70,8,'jjj',''),(149,'2024-06-26 14:45:56.733000','2024-06-26 14:45:56.733000',100,1,70,1,'jjj',''),(150,'2024-06-27 04:42:22.732000','2024-06-27 04:42:22.732000',100,1,71,1,'jjj',''),(151,'2024-06-27 04:42:22.733000','2024-06-27 04:42:22.733000',40,1,71,4,'jjj',''),(152,'2024-06-27 04:42:22.734000','2024-06-27 04:42:22.734000',30,1,71,8,'jjj',''),(153,'2024-06-27 04:42:22.735000','2024-06-27 04:42:22.735000',100,2,71,1,'jjj',''),(154,'2024-06-29 09:58:30.782000','2024-06-29 09:58:30.782000',100,2,72,1,'jjj',''),(155,'2024-06-29 09:58:30.783000','2024-06-29 09:58:30.783000',40,2,72,4,'jjj','11111111111'),(156,'2024-06-29 09:58:30.783000','2024-06-29 09:58:30.783000',30,1,72,8,'jjj',''),(157,'2024-06-30 01:07:31.247000','2024-06-30 01:07:31.247000',40,4,73,4,'valueA-A-B',''),(158,'2024-06-30 01:07:31.248000','2024-06-30 01:07:31.248000',30,2,73,7,'valueA-A-B',''),(159,'2024-06-30 01:07:31.252000','2024-06-30 01:07:31.252000',40,1,73,4,'valueA-A-B',''),(160,'2024-06-30 01:07:31.253000','2024-06-30 01:07:31.253000',40,1,73,4,'valueA-A-B',''),(161,'2024-06-30 01:11:30.343000','2024-06-30 01:11:30.343000',100,4,74,1,'valueA-A-B','');



INSERT INTO `order_detail`
(`id`, `create_time`, `update_time`, `price`, `qty`, `ordered_id`, `product_id`, `order_username`, `remark`) VALUES 
(1,'2023-10-31 23:52:25.050003','2023-12-08 15:09:25.595492',100,1,37,1,'userName','AAAA'),
(5,'2023-10-31 23:53:59.639072','2023-12-08 15:09:25.596206',200,1,37,2,'userName','AAAA'),
(21,'2023-11-07 00:33:14.504197','2023-11-07 00:33:14.504204',30,5,23,3,'userName',''),
(22,'2023-11-07 00:33:14.506436','2023-11-07 00:33:14.506440',30,2,23,3,'userName',''),
(23,'2023-11-07 00:44:12.087473','2023-11-07 00:44:12.087475',30,3,24,3,'valueA-A-B','TTTTTTTTTTTTTTTTT'),
(24,'2023-11-07 00:44:12.088038','2023-11-07 00:44:12.088040',30,1,24,3,'valueA-A-B****','TTTTTT'),
(25,'2023-11-07 00:44:12.088468','2023-11-07 00:44:12.088470',100,2,24,1,'valueA-A-B','DFDF'),
(26,'2023-11-07 00:44:12.089044','2023-11-07 00:44:12.089046',40,1,24,10,'valueA-A-B-----fffffff','fffffffffffffffffff'),
(27,'2023-11-07 03:14:51.576982','2023-11-07 03:14:51.576984',30,2,25,7,'valueA-A-B',''),
(28,'2023-11-07 03:14:51.577510','2023-11-07 03:14:51.577511',30,1,25,8,'valueA-A-B',''),
(29,'2023-11-07 03:14:51.577902','2023-11-07 03:14:51.577903',40,1,25,10,'valueA-A-B',''),
(30,'2023-11-07 03:14:51.578271','2023-11-07 03:14:51.578272',30,1,25,3,'valueA-A-B',''),
(31,'2023-11-07 03:14:51.578617','2023-11-07 03:14:51.578618',40,1,25,4,'valueA-A-B',''),
(32,'2023-11-07 03:14:51.578940','2023-11-07 03:14:51.578941',10,1,25,5,'valueA-A-B',''),
(33,'2023-11-07 03:14:51.579382','2023-11-07 03:14:51.579382',100,1,25,1,'valueA-A-B',''),
(34,'2023-11-07 03:14:51.579742','2023-11-07 03:14:51.579743',30,1,25,3,'valueA-A-B',''),
(35,'2023-11-07 03:14:51.580088','2023-11-07 03:14:51.580089',10,1,25,5,'valueA-A-B',''),
(36,'2023-11-07 03:14:51.580430','2023-11-07 03:14:51.580432',30,1,25,8,'valueA-A-B',''),
(37,'2023-11-07 03:14:51.580784','2023-11-07 03:14:51.580785',30,1,25,7,'valueA-A-B',''),
(38,'2023-11-07 13:04:10.235005','2023-11-07 13:04:10.235008',30,5,26,3,'userName',''),
(39,'2023-11-07 13:04:10.236290','2023-11-07 13:04:10.236292',30,2,26,3,'userName',''),
(40,'2023-11-07 13:04:10.237177','2023-11-07 13:04:10.237178',100,1,26,1,'valueA-A-B',''),
(41,'2023-11-07 13:04:10.237824','2023-11-07 13:04:10.237826',30,1,26,3,'valueA-A-B',''),
(42,'2023-11-07 13:04:10.238425','2023-11-07 13:04:10.238426',10,1,26,5,'valueA-A-B',''),
(43,'2023-11-07 13:04:10.239213','2023-11-07 13:04:10.239214',30,1,26,7,'valueA-A-B',''),
(44,'2023-11-07 13:04:10.239860','2023-11-07 13:04:10.239861',30,1,26,8,'valueA-A-B',''),
(45,'2023-11-07 13:04:10.240506','2023-11-07 13:04:10.240507',40,1,26,10,'valueA-A-B',''),
(46,'2023-11-07 13:04:10.241090','2023-11-07 13:04:10.241091',10,1,26,5,'valueA-A-B',''),
(47,'2023-11-07 13:04:10.241780','2023-11-07 13:04:10.241781',100,1,26,1,'valueA-A-B',''),
(48,'2023-11-07 13:04:10.242437','2023-11-07 13:04:10.242439',30,1,26,7,'valueA-A-B',''),
(49,'2023-11-07 15:51:26.709323','2023-11-07 15:51:26.709325',30,1,27,3,'valueA-A-B',''),
(50,'2023-11-07 15:51:54.085347','2023-11-07 15:51:54.085349',30,1,28,7,'valueA-A-B',''),
(51,'2023-11-07 16:03:08.516185','2023-11-07 16:03:08.516188',40,1,29,10,'valueA-A-B',''),
(52,'2023-11-07 16:07:15.694662','2023-11-07 16:07:15.694664',100,1,30,1,'valueA-A-B',''),
(53,'2023-11-07 16:41:34.823603','2023-11-07 16:41:34.823610',99999,1,31,11,'valueA-A-B',''),
(54,'2023-11-07 16:42:11.490535','2023-11-07 16:42:11.490537',123,1,32,15,'valueA-A-B',''),
(55,'2023-11-08 22:25:19.294841','2023-11-08 22:25:19.294844',30,5,33,3,'userName',''),
(56,'2023-11-08 22:25:19.295754','2023-11-08 22:25:19.295757',30,2,33,3,'userName',''),
(57,'2023-11-08 22:25:19.296405','2023-11-08 22:25:19.296407',100,1,33,1,'valueA-A-B','AAAAAAAAAAAA'),
(58,'2023-11-08 22:25:19.296931','2023-11-08 22:25:19.296933',30,2,33,8,'valueA-A-B','AAAAAAAA'),
(59,'2023-11-08 22:25:19.297417','2023-11-08 22:25:19.297418',30,2,33,3,'valueA-A-B','AAAAAA'),
(60,'2023-11-08 22:25:19.297954','2023-11-08 22:25:19.297956',100,1,33,1,'valueA-A-B',''),
(61,'2023-11-08 22:25:19.298482','2023-11-08 22:25:19.298483',30,1,33,8,'valueA-A-B',''),
(62,'2023-11-08 22:25:19.298940','2023-11-08 22:25:19.298942',30,1,33,3,'valueA-A-B',''),
(63,'2023-11-08 22:25:19.299398','2023-11-08 22:25:19.299399',100,2,33,1,'valueA-A-B',''),
(64,'2023-11-08 22:25:19.299849','2023-11-08 22:25:19.299850',30,1,33,3,'valueA-A-B',''),
(65,'2023-11-08 22:25:19.300268','2023-11-08 22:25:19.300269',40,2,33,10,'valueA-A-B',''),
(66,'2023-11-08 22:25:19.300675','2023-11-08 22:25:19.300676',40,2,33,4,'valueA-A-B',''),
(67,'2023-11-08 22:25:19.301139','2023-11-08 22:25:19.301140',10,1,33,5,'valueA-A-B','BBBBBBBBBBB'),
(68,'2023-11-08 22:41:22.857590','2023-11-08 22:41:22.857592',100,1,34,1,'valueA-A-B','FFFFFFFFFFFFFFff'),
(69,'2023-12-02 16:51:48.032223','2023-12-02 16:51:48.032226',10000,1,35,13,'valueA-A-B',''),
(70,'2023-12-02 16:51:48.033283','2023-12-02 16:51:48.033285',99999,1,35,11,'valueA-A-B',''),
(71,'2023-12-02 17:02:28.618068','2023-12-02 17:02:28.618071',10,1,36,20,'valueA-A-B',''),
(72,'2023-12-02 17:02:28.618603','2023-12-02 17:02:28.618604',10,1,36,5,'valueA-A-B',''),
(73,'2023-12-08 15:09:25.584789','2023-12-08 15:09:25.584796',30,5,37,3,'userName','AAAA'),
(74,'2023-12-08 15:09:25.586068','2023-12-08 15:09:25.586071',30,2,37,3,'userName','kkkkkkkkkkkkkkkkkkkkkkkkkkkkkkkkkkkkkkkkkkkkkkkkkkkkkkkk'),
(75,'2023-12-08 15:09:25.587469','2023-12-08 15:09:25.587470',40,1,37,4,'valueA-A-B',''),
(76,'2023-12-08 15:09:25.588118','2023-12-08 15:09:25.588120',100,1,37,1,'valueA-A-B',''),
(77,'2023-12-08 15:09:58.723622','2023-12-08 15:09:58.723627',99999,1,38,11,'valueA-A-B',''),
(78,'2023-12-08 15:15:26.919038','2023-12-08 15:15:26.919040',99999,1,39,11,'valueA-A-B',''),
(79,'2023-12-08 15:15:54.467369','2023-12-08 15:15:54.467375',99999,1,40,11,'valueA-A-B',''),
(80,'2023-12-08 15:16:07.760034','2023-12-08 15:16:07.760040',30,1,41,7,'valueA-A-B',''),
(81,'2023-12-08 15:26:53.360251','2023-12-08 15:26:53.360253',30,1,42,7,'valueA-A-B',''),
(82,'2023-12-08 15:27:11.789823','2023-12-08 15:27:11.789825',10000,1,43,13,'valueA-A-B',''),
(83,'2023-12-08 15:42:34.684981','2023-12-08 15:42:34.684983',40,1,44,4,'valueA-A-B',''),
(84,'2023-12-08 15:52:02.074958','2023-12-08 15:52:02.074960',99999,1,45,11,'valueA-A-B',''),
(85,'2023-12-08 15:53:24.272301','2023-12-08 15:53:24.272303',99999,1,46,11,'valueA-A-B',''),
(86,'2024-01-21 22:05:20.573003','2024-01-21 22:05:20.573008',40,1,47,4,'valueA-A-B',''),
(87,'2024-01-21 22:05:20.574954','2024-01-21 22:05:20.574958',30,1,47,7,'valueA-A-B',''),
(88,'2024-02-05 15:02:23.834474','2024-02-05 15:02:23.834476',99999,1,48,11,'valueA-A-B',''),
(89,'2024-02-05 15:02:43.325194','2024-02-05 15:02:43.325196',40,1,49,4,'valueA-A-B',''),
(90,'2024-03-07 02:29:33.645349','2024-03-07 02:29:33.645352',100,1,50,1,'valueA-A-B',''),
(91,'2024-03-07 02:29:33.646334','2024-03-07 02:29:33.646336',100,10,50,1,'valueA-A-B',''),
(92,'2024-03-07 02:29:33.647070','2024-03-07 02:29:33.647073',100,10,50,1,'valueA-A-B',''),
(93,'2024-05-09 23:55:36.216933','2024-05-09 23:55:36.216938',100,1,51,1,'valueA-A-B',''),
(94,'2024-05-09 23:55:36.219415','2024-05-09 23:55:36.219419',100,1,51,1,'valueA-A-B',''),
(95,'2024-05-09 23:55:36.221492','2024-05-09 23:55:36.221498',40,1,51,4,'valueA-A-B',''),
(96,'2024-05-09 23:55:36.223387','2024-05-09 23:55:36.223390',30,1,51,7,'valueA-A-B',''),
(97,'2024-05-09 23:55:36.224396','2024-05-09 23:55:36.224397',100,8,51,1,'valueA-A-B',''),
(98,'2024-05-23 10:21:18.579604','2024-05-23 10:21:18.579608',100,1,52,1,'jjj',''),
(99,'2024-05-23 10:21:18.581011','2024-05-23 10:21:18.581014',40,1,52,4,'jjj',''),
(100,'2024-05-23 10:21:18.581790','2024-05-23 10:21:18.581792',30,1,52,7,'jjj',''),
(101,'2024-05-23 10:21:18.582629','2024-05-23 10:21:18.582631',100,10,52,1,'jjj',''),
(102,'2024-05-23 10:31:27.241393','2024-05-23 10:31:27.241399',100,1,53,1,'jjj',''),
(103,'2024-05-23 10:31:27.243820','2024-05-23 10:31:27.243824',100,9,53,1,'jjj',''),
(104,'2024-05-23 10:41:54.548312','2024-05-23 10:41:54.548316',100,10,54,1,'jjj',''),
(105,'2024-05-23 11:02:56.159276','2024-05-23 11:02:56.159279',100,8,55,1,'jjj',''),
(106,'2024-05-23 11:02:56.160012','2024-05-23 11:02:56.160014',100,1,55,1,'jjj',''),
(107,'2024-05-23 11:02:56.160545','2024-05-23 11:02:56.160547',100,1,55,1,'jjj',''),
(108,'2024-05-28 16:57:43.177928','2024-05-28 16:57:43.177931',100,10,56,1,'valueA-A-B',''),
(109,'2024-05-28 16:57:43.179406','2024-05-28 16:57:43.179408',100,1,56,1,'valueA-A-B',''),
(110,'2024-05-28 16:57:43.180398','2024-05-28 16:57:43.180400',40,1,56,4,'valueA-A-B',''),
(111,'2024-05-28 16:57:43.181088','2024-05-28 16:57:43.181089',30,1,56,7,'valueA-A-B',''),
(112,'2024-05-28 16:57:43.181725','2024-05-28 16:57:43.181726',30,1,56,7,'valueA-A-B',''),
(113,'2024-05-28 16:57:43.182521','2024-05-28 16:57:43.182523',40,1,56,4,'valueA-A-B',''),
(114,'2024-05-28 16:57:43.184046','2024-05-28 16:57:43.184049',100,1,56,1,'valueA-A-B',''),
(115,'2024-05-28 16:57:43.185167','2024-05-28 16:57:43.185169',100,1,56,1,'valueA-A-B',''),
(116,'2024-05-28 16:57:43.185995','2024-05-28 16:57:43.186001',100,1,56,1,'valueA-A-B',''),
(117,'2024-05-28 16:57:43.186960','2024-05-28 16:57:43.186962',100,1,56,1,'valueA-A-B',''),
(118,'2024-05-28 17:00:03.936119','2024-05-28 17:00:03.936122',100,10,57,1,'valueA-A-B',''),
(119,'2024-06-07 08:05:27.013747','2024-06-07 08:05:27.013750',100,10,58,1,'jjj',''),
(120,'2024-06-08 17:42:30.769002','2024-06-08 17:42:30.769005',100,1,59,1,'valueA-A-B',''),
(121,'2024-06-08 17:42:30.770532','2024-06-08 17:42:30.770534',100,9,59,1,'valueA-A-B',''),
(122,'2024-06-08 17:47:53.392500','2024-06-08 17:47:53.392503',100,10,60,1,'valueA-A-B',''),
(123,'2024-06-10 12:39:13.439455','2024-06-10 12:39:13.439460',100,3,61,1,'valueA-A-B',''),
(124,'2024-06-10 12:59:01.275437','2024-06-10 12:59:01.275439',100,4,62,1,'valueA-A-B',''),
(125,'2024-06-10 12:59:04.507785','2024-06-10 12:59:04.507789',100,4,62,1,'valueA-A-B',''),
(126,'2024-06-10 13:00:29.334627','2024-06-10 13:00:29.334630',100,5,63,1,'valueA-A-B',''),
(127,'2024-06-10 13:00:29.334627','2024-06-10 13:00:29.334630',100,5,64,1,'valueA-A-B',''),
(128,'2024-06-11 20:13:56.248954','2024-06-11 20:13:56.248959',99999,1,65,11,'valueA-A-B','');



-- INSERT INTO `order_detail`
-- (`id`, `create_time`, `update_time`, `price`, `qty`, `ordered_id`, `product_id`, `order_username`, `remark`) VALUES 
-- (1,'2023-10-31 23:52:25.050003','2023-12-08 15:09:25.595492',100,1,37,1,'userName','AAAA'),
-- (5,'2023-10-31 23:53:59.639072','2023-12-08 15:09:25.596206',200,1,37,2,'userName','AAAA'),
-- (21,'2023-11-07 00:33:14.504197','2023-11-07 00:33:14.504204',30,5,23,3,'userName',''),
-- (22,'2023-11-07 00:33:14.506436','2023-11-07 00:33:14.506440',30,2,23,3,'userName',''),
-- (23,'2023-11-07 00:44:12.087473','2023-11-07 00:44:12.087475',30,3,24,3,'valueA-A-B','TTTTTTTTTTTTTTTTT'),
-- (24,'2023-11-07 00:44:12.088038','2023-11-07 00:44:12.088040',30,1,24,3,'valueA-A-B****','TTTTTT'),
-- (25,'2023-11-07 00:44:12.088468','2023-11-07 00:44:12.088470',100,2,24,1,'valueA-A-B','DFDF'),
-- (26,'2023-11-07 00:44:12.089044','2023-11-07 00:44:12.089046',40,1,24,10,'valueA-A-B-----fffffff','fffffffffffffffffff'),
-- (27,'2023-11-07 03:14:51.576982','2023-11-07 03:14:51.576984',30,2,25,7,'valueA-A-B',''),
-- (28,'2023-11-07 03:14:51.577510','2023-11-07 03:14:51.577511',30,1,25,8,'valueA-A-B',''),
-- (29,'2023-11-07 03:14:51.577902','2023-11-07 03:14:51.577903',40,1,25,10,'valueA-A-B',''),
-- (30,'2023-11-07 03:14:51.578271','2023-11-07 03:14:51.578272',30,1,25,3,'valueA-A-B',''),
-- (31,'2023-11-07 03:14:51.578617','2023-11-07 03:14:51.578618',40,1,25,4,'valueA-A-B','');
