
MERGE INTO users (
    id,
    name,
    phone,
    account,
    password,
    role,
    register,
    create_time,
    update_time
)
VALUES
    (
        1,
        'admin',
        '123456789',
        'admin@testgmail.com',
        'password',
        'admin',
        0,
        CURRENT_TIMESTAMP,
        CURRENT_TIMESTAMP
    ),
    (
        2,
        'user',
        '123456789',
        'user@testgmail.com',
        'password',
        'user',
        0,
        CURRENT_TIMESTAMP,
        CURRENT_TIMESTAMP
    );


INSERT INTO file_data (id, content_type, file_name, original_file_name, suffix) VALUES
(47, 'type', 'file47', 'original_file47', 'suffix'),
(2, 'type', 'file2', 'original_file2', 'suffix'),
(15, 'type', 'file15', 'original_file15', 'suffix'),
(9, 'type', 'file9', 'original_file9', 'suffix'),
(3, 'type', 'file3', 'original_file3', 'suffix'),
(14, 'type', 'file14', 'original_file14', 'suffix'),
(16, 'type', 'file16', 'original_file16', 'suffix'),
(57, 'type', 'file57', 'original_file57', 'suffix'),
(56, 'type', 'file56', 'original_file56', 'suffix');








INSERT INTO shop_address (id, create_time, update_time, detail, lat, lng, address_data_id) VALUES
(1, '2023-08-21 17:08:22.000000', '2024-01-21 22:32:11.801640', 'detai234', 0, 0, 28801),
(2, '2023-08-21 17:08:22.000000', '2024-02-02 09:48:45.560845', '500巷2號', 22.9711054, 120.2285097, 28801),
(3, '2023-08-21 17:08:22.000000', '2024-02-01 11:40:54.788691', '36巷5號', 23.0266901, 120.2541104, 29657),
(4, '2023-08-21 17:08:22.000000', '2024-02-01 11:46:07.289978', '中山南路123巷9號', 23.0130006, 120.2292429, 29115),
(5, '2023-08-21 17:08:22.000000', '2024-02-01 12:22:23.024529', '123巷111號', 22.9693643, 120.2304929, 28805),
(6, '2023-08-27 23:44:23.409781', '2024-02-01 12:22:36.184432', '123號', 22.9689151, 120.2303236, 28806),
(7, '2023-09-02 14:41:17.046353', '2023-09-02 14:41:17.046354', '中中路500號', 0, 0, 28807),
(22, '2024-01-19 10:02:27.800542', '2024-02-02 18:25:26.708670', '123', 25.1479172, 121.7831788, 1010),
(23, '2024-01-19 10:02:44.506519', '2024-02-02 09:42:11.535495', '123號', 22.9750719, 120.2254053, 28757),
(24, '2024-01-19 10:05:22.335114', '2024-01-19 10:05:22.335124', '123', 25.0567519, 121.5171557, 107),
(25, '2024-01-19 10:06:16.366733', '2024-01-19 10:06:16.366741', '123', 25.0524473, 121.5122384, 108),
(27, '2024-01-19 10:08:05.514279', '2024-01-19 10:08:05.514300', '123', 25.0567519, 121.5171557, 107),
(41, '2024-02-01 10:13:56.266198', '2024-02-01 10:13:56.266215', 'detai234', 22.9856606, 120.2403543, 28865),
(42, '2024-02-01 10:14:25.557291', '2024-02-01 10:14:25.557298', '234', 22.9856606, 120.2403543, 28865),
(43, '2024-02-01 10:15:17.195355', '2024-02-01 10:15:17.195373', '2342', 22.9856606, 120.2403543, 28865),
(44, '2024-02-01 10:16:20.686958', '2024-02-01 10:21:12.060596', '999', 22.9893802, 120.218628, 28903);

-- Now insert data into shop table
INSERT INTO shop (id, create_time, update_time, description, is_delete, is_disable, is_orderable, name, phone, file_data, user_id, shop_address_id, delivery_km, delivery_price) VALUES 
(1, '2023-08-21 17:08:22.000000', '2024-06-10 11:34:56.751484', 'description55555555555666', 0, 1, 1, 'valueA', '1234567890', 47, 1, 44, 10.1, 300), 
(2, '2023-08-21 17:08:22.000000', '2024-02-02 09:48:45.555869', 'description商店介紹', 0, 1, 1, 'valueB', '1234561230', 2, 1, 2, 8, 0), 
(3, '2023-08-21 17:08:22.000000', '2024-02-02 18:31:24.354599', 'description', 0, 0, 0, 'valueC', '1234567890', 15, 2, 3, 10, 0), 
(4, '2023-08-21 17:08:22.000000', '2024-02-02 18:31:33.354041', 'description', 0, 0, 1, 'valueD', '1234567891', 9, 2, 4, 5, 0), 
(5, '2023-08-21 17:08:22.000000', '2024-02-02 18:31:41.154197', 'description', 0, 0, 0, 'newNAME', '1234567891', 3, 2, 5, 10, 0), 
(6, '2023-08-27 23:44:23.420175', '2024-02-02 18:31:48.874443', 'AA', 0, 0, 0, 'AA', '0123456789', 14, 2, 6, 10, 0), 
(7, '2023-09-02 14:41:17.050733', '2023-10-05 01:04:13.658866', 'RRR', 1, 1, 1, 'RRR', '0123456789', 16, 1, 7, NULL, 0), 
(22, '2024-01-19 10:08:05.520255', '2024-02-02 18:29:07.430529', 'NNNN', 0, 0, 0, 'NN小店', '1234567890', NULL, 1, 22, 5, 0), 
(23, '2024-01-19 10:11:03.238639', '2024-02-02 09:42:11.534287', 'NNNN', 0, 1, 1, 'NN小店A', '1234567890', 57, 1, 23, 100, 0), 
(24, '2024-01-19 10:11:56.000614', '2024-02-02 18:29:28.129114', 'NNNN', 0, 0, 0, 'NN小店GG', '1234567890', NULL, 1, 24, 11, 0), 
(25, '2024-01-19 10:20:51.119786', '2024-02-02 18:26:44.017847', 'NNNN', 0, 0, 0, 'NN小店YY', '1234567890', 56, 1, 25, 20, 0), 
(27, '2024-01-25 01:05:56.336765', '2024-02-02 18:29:37.141195', 'NNNN', 0, 0, 0, 'NN小店-東東店', '1234567890', NULL, 1, 27, 9, 0);


















INSERT
    IGNORE INTO file_data (
        id,
        content_type,
        file_name,
        original_file_name,
        suffix
    )
VALUES
    (
        1,
        'image/jpeg',
        '16923603086287289.jpg',
        'images.jpeg',
        '.jpg'
    );